lane_id,origin,destination,distance_km,travel_time_hours,toll_cost_eur,traffic_factor
LN0001,Braunschweig,Mannheim,571,7.9,48.6,1.25
LN0002,Braunschweig,Hamburg,533,7.3,38.1,1.16
LN0003,Mannheim,Chemnitz,258,5.2,26.8,0.92
LN0004,Kassel,Magdeburg,169,3.4,13.0,1.08
LN0005,Berlin,Monchengladbach,552,8.5,46.1,1.17
LN0006,Lubeck,Stuttgart,347,5.9,36.3,1.22
LN0007,Munster,Dresden,544,7.4,50.4,1.12
LN0008,Halle,Mannheim,188,3.6,10.2,1.01
LN0009,Kiel,Munster,273,4.0,30.6,1.15
LN0010,Chemnitz,Dortmund,317,5.6,31.4,1.18
LN0011,Leipzig,Bremen,655,10.1,51.0,1.05
LN0012,Wiesbaden,Stuttgart,711,10.5,60.2,1.26
LN0013,Berlin,Hamburg,436,7.4,40.3,1.23
LN0014,Kiel,Wiesbaden,159,3.5,10.6,1.21
LN0015,Dresden,Gelsenkirchen,724,9.7,66.4,1.08
LN0016,Wuppertal,Berlin,410,6.1,37.4,1.14
LN0017,Krefeld,Kiel,539,8.6,49.2,0.9
LN0018,Mannheim,Cologne,175,2.9,9.7,1.14
LN0019,Leipzig,Duisburg,146,2.7,13.1,0.99
LN0020,Freiburg,Augsburg,557,8.6,43.8,1.22
LN0021,Bielefeld,Bremen,194,4.0,15.1,0.95
LN0022,Hanover,Oberhausen,265,4.0,24.1,0.95
LN0023,Dresden,Lubeck,122,2.8,13.8,1.2
LN0024,Lubeck,Dusseldorf,496,8.2,48.1,1.17
LN0025,Duisburg,Lubeck,177,4.0,18.6,0.92
LN0026,Cologne,Dusseldorf,467,7.7,46.1,1.15
LN0027,Nuremberg,Lubeck,457,6.7,45.6,1.01
LN0028,Hanover,Wuppertal,301,4.6,31.7,1.28
LN0029,Karlsruhe,Bremen,214,4.4,22.8,1.26
LN0030,Chemnitz,Mainz,131,2.6,18.5,1.2
LN0031,Oberhausen,Magdeburg,506,7.3,49.5,1.08
LN0032,Karlsruhe,Mainz,286,4.6,25.3,1.03
LN0033,Munster,Essen,700,9.3,61.7,1.18
LN0034,Mainz,Stuttgart,418,6.8,38.6,0.9
LN0035,Wiesbaden,Augsburg,259,5.1,26.2,1.24
LN0036,Bielefeld,Essen,398,5.9,27.0,1.26
LN0037,Bremen,Wiesbaden,458,7.6,38.9,1.11
LN0038,Freiburg,Duisburg,443,6.0,38.6,1.18
LN0039,Aachen,Chemnitz,468,7.3,42.2,1.03
LN0040,Rostock,Bremen,576,8.2,49.6,1.26
LN0041,Wuppertal,Dresden,417,6.9,30.8,1.23
LN0042,Munster,Bonn,788,10.9,66.7,1.09
LN0043,Munster,Rostock,564,9.0,42.0,1.27
LN0044,Erfurt,Karlsruhe,155,3.6,8.0,1.14
LN0045,Erfurt,Augsburg,310,4.4,30.6,0.98
LN0046,Mannheim,Duisburg,407,7.0,31.9,1.23
LN0047,Nuremberg,Essen,143,2.4,7.8,1.1
LN0048,Erfurt,Dortmund,467,7.6,36.5,1.25
LN0049,Gelsenkirchen,Nuremberg,426,6.4,33.9,1.0
LN0050,Wuppertal,Erfurt,150,3.2,14.2,1.07
LN0051,Karlsruhe,Essen,323,4.7,28.2,1.0
LN0052,Cologne,Aachen,722,9.5,56.7,1.18
LN0053,Berlin,Dresden,685,10.4,57.5,1.17
LN0054,Halle,Wiesbaden,258,5.0,29.2,1.01
LN0055,Erfurt,Mainz,259,3.9,17.5,1.22
LN0056,Hanover,Bonn,643,8.6,53.0,1.11
LN0057,Gelsenkirchen,Dresden,388,6.3,26.9,1.24
LN0058,Dresden,Oberhausen,118,2.1,7.1,1.03
LN0059,Freiburg,Stuttgart,222,4.6,27.8,1.23
LN0060,Cologne,Monchengladbach,657,9.4,57.7,1.25
LN0061,Hanover,Hamburg,495,7.0,44.4,1.02
LN0062,Wuppertal,Munich,405,6.7,30.5,1.3
LN0063,Braunschweig,Bonn,275,4.2,28.0,1.16
LN0064,Stuttgart,Dortmund,623,8.4,56.2,1.08
LN0065,Hamburg,Monchengladbach,529,7.2,43.5,1.17
LN0066,Wiesbaden,Braunschweig,500,8.2,41.5,1.17
LN0067,Kiel,Munich,617,8.8,54.7,1.01
LN0068,Chemnitz,Frankfurt,590,9.3,47.4,1.15
LN0069,Nuremberg,Freiburg,395,6.0,29.8,1.24
LN0070,Erfurt,Oberhausen,399,5.8,29.2,1.13
LN0071,Chemnitz,Berlin,613,9.0,46.2,1.24
LN0072,Frankfurt,Munster,255,4.2,17.8,1.22
LN0073,Monchengladbach,Duisburg,176,4.1,10.1,1.12
LN0074,Bochum,Oberhausen,785,11.3,65.8,1.18
LN0075,Dortmund,Berlin,368,5.6,38.4,1.09
LN0076,Frankfurt,Monchengladbach,540,8.7,53.1,1.29
LN0077,Wuppertal,Kiel,440,6.2,41.7,0.91
LN0078,Magdeburg,Nuremberg,691,9.6,55.8,1.29
LN0079,Mannheim,Hanover,127,3.5,9.4,1.24
LN0080,Berlin,Oberhausen,427,5.9,35.8,1.11
LN0081,Stuttgart,Wuppertal,241,4.6,28.0,1.04
LN0082,Halle,Gelsenkirchen,695,9.9,64.4,1.28
LN0083,Chemnitz,Magdeburg,203,3.7,15.7,0.98
LN0084,Mannheim,Wiesbaden,331,4.7,33.1,1.24
LN0085,Lubeck,Rostock,746,10.5,60.7,0.95
LN0086,Munster,Wiesbaden,437,6.3,41.8,1.25
LN0087,Essen,Cologne,680,10.0,57.6,1.26
LN0088,Berlin,Duisburg,393,6.9,30.2,1.09
LN0089,Gelsenkirchen,Munster,544,8.5,47.3,0.92
LN0090,Dortmund,Dresden,752,10.6,66.6,1.22
LN0091,Chemnitz,Hanover,472,6.4,43.8,1.04
LN0092,Essen,Oberhausen,632,9.0,52.8,1.07
LN0093,Halle,Munich,289,4.4,19.7,0.91
LN0094,Chemnitz,Freiburg,540,8.5,50.9,1.13
LN0095,Magdeburg,Munich,730,9.8,67.1,1.18
LN0096,Leipzig,Dresden,378,5.7,37.0,1.16
LN0097,Oberhausen,Chemnitz,271,4.7,29.1,0.93
LN0098,Leipzig,Munich,367,5.4,37.6,1.21
LN0099,Chemnitz,Oberhausen,489,6.7,38.6,1.17
LN0100,Krefeld,Wiesbaden,125,2.4,5.4,1.23
LN0101,Augsburg,Freiburg,573,8.9,40.9,0.96
LN0102,Krefeld,Frankfurt,263,5.1,19.0,1.25
LN0103,Hamburg,Nuremberg,285,4.2,27.1,1.22
LN0104,Aachen,Mainz,609,9.3,53.9,1.16
LN0105,Nuremberg,Munster,417,6.9,35.9,1.1
LN0106,Kiel,Karlsruhe,150,2.6,15.9,0.98
LN0107,Bochum,Munich,728,9.8,64.7,1.01
LN0108,Rostock,Aachen,293,4.5,27.6,1.22
LN0109,Chemnitz,Monchengladbach,636,9.4,47.8,1.23
LN0110,Kiel,Magdeburg,280,4.5,20.3,1.02
LN0111,Berlin,Wuppertal,593,9.2,47.4,1.19
LN0112,Munster,Gelsenkirchen,411,5.8,41.4,0.91
LN0113,Bonn,Dresden,233,3.9,17.9,1.25
LN0114,Mainz,Karlsruhe,524,7.7,44.8,0.91
LN0115,Munich,Gelsenkirchen,145,3.7,6.9,1.11
LN0116,Munster,Wuppertal,272,4.7,29.6,1.21
LN0117,Kiel,Nuremberg,453,6.7,34.6,1.22
LN0118,Kassel,Monchengladbach,575,9.1,50.3,1.28
LN0119,Leipzig,Cologne,646,9.4,49.4,0.99
LN0120,Gelsenkirchen,Essen,650,9.9,56.1,1.13
LN0121,Karlsruhe,Rostock,570,8.0,48.1,1.2
LN0122,Bremen,Dresden,703,9.9,56.9,1.24
LN0123,Berlin,Bonn,466,6.7,36.4,0.99
LN0124,Monchengladbach,Hamburg,637,9.4,47.1,1.29
LN0125,Chemnitz,Kassel,550,8.5,43.1,0.97
LN0126,Karlsruhe,Dusseldorf,743,10.7,59.7,1.23
LN0127,Frankfurt,Bielefeld,678,10.4,59.0,1.2
LN0128,Karlsruhe,Cologne,209,3.5,12.2,1.21
LN0129,Rostock,Wiesbaden,321,5.1,28.6,1.07
LN0130,Stuttgart,Bremen,116,2.8,18.5,1.13
LN0131,Wiesbaden,Karlsruhe,621,9.4,56.9,1.23
LN0132,Rostock,Dusseldorf,727,10.8,55.8,0.93
LN0133,Munster,Bremen,301,5.5,25.0,1.29
LN0134,Magdeburg,Mannheim,596,9.1,48.7,1.05
LN0135,Essen,Dusseldorf,114,2.6,8.7,1.3
LN0136,Cologne,Bonn,789,11.5,71.4,0.95
LN0137,Cologne,Wiesbaden,223,3.7,13.0,1.24
LN0138,Dortmund,Frankfurt,423,6.5,40.7,0.91
LN0139,Wiesbaden,Rostock,493,7.1,49.4,1.14
LN0140,Rostock,Kassel,449,7.5,39.2,1.02
LN0141,Hamburg,Wuppertal,346,5.0,28.8,1.15
LN0142,Leipzig,Dortmund,382,6.2,32.6,1.09
LN0143,Nuremberg,Hamburg,738,10.7,63.5,1.02
LN0144,Stuttgart,Essen,204,4.2,15.8,0.97
LN0145,Mainz,Frankfurt,169,3.6,14.9,0.97
LN0146,Braunschweig,Rostock,738,10.1,65.4,1.22
LN0147,Dortmund,Monchengladbach,192,3.8,16.7,0.95
LN0148,Duisburg,Aachen,336,5.0,28.7,1.05
LN0149,Bielefeld,Braunschweig,331,5.5,32.5,1.14
LN0150,Hamburg,Bonn,467,6.7,43.5,1.07
LN0151,Hamburg,Gelsenkirchen,347,5.3,24.2,1.17
LN0152,Cologne,Gelsenkirchen,214,4.3,18.9,1.07
LN0153,Krefeld,Cologne,163,3.0,20.6,1.13
LN0154,Kiel,Rostock,208,3.7,21.8,1.09
LN0155,Hamburg,Krefeld,283,5.2,30.4,1.05
LN0156,Wuppertal,Bonn,539,8.3,39.1,1.11
LN0157,Dusseldorf,Freiburg,239,3.6,24.8,1.19
LN0158,Munich,Augsburg,566,8.8,51.5,1.14
LN0159,Kiel,Bochum,534,8.3,52.5,0.99
LN0160,Hamburg,Cologne,710,9.6,58.8,1.03
LN0161,Bielefeld,Hamburg,681,9.5,57.7,1.05
LN0162,Hanover,Wiesbaden,624,9.0,46.7,1.24
LN0163,Mannheim,Halle,673,10.2,53.0,1.17
LN0164,Dortmund,Mannheim,491,6.8,47.9,1.23
LN0165,Aachen,Duisburg,404,6.6,27.9,1.0
LN0166,Dusseldorf,Bielefeld,771,10.6,58.8,1.21
LN0167,Aachen,Kassel,742,10.2,67.3,1.17
LN0168,Essen,Hamburg,744,10.9,57.1,1.27
LN0169,Bonn,Wiesbaden,188,3.5,19.4,1.19
LN0170,Erfurt,Leipzig,617,9.2,49.5,1.13
LN0171,Nuremberg,Bielefeld,283,5.0,18.3,1.12
LN0172,Freiburg,Kassel,123,3.4,15.6,1.19
LN0173,Freiburg,Gelsenkirchen,293,5.4,30.8,1.06
LN0174,Krefeld,Braunschweig,415,6.4,39.6,1.15
LN0175,Dortmund,Hamburg,189,3.7,22.3,1.07
LN0176,Munster,Stuttgart,188,3.1,18.3,1.03
LN0177,Gelsenkirchen,Frankfurt,271,4.9,22.2,1.17
LN0178,Karlsruhe,Wiesbaden,185,3.8,14.6,1.27
LN0179,Bremen,Bonn,262,4.5,18.6,1.11
LN0180,Lubeck,Bielefeld,442,7.0,43.1,1.26
LN0181,Wiesbaden,Essen,636,9.0,52.0,1.04
LN0182,Mannheim,Gelsenkirchen,663,9.1,58.1,1.05
LN0183,Munich,Hamburg,702,10.3,62.0,1.29
LN0184,Erfurt,Braunschweig,495,7.4,35.2,1.1
LN0185,Lubeck,Erfurt,486,7.2,36.2,0.9
LN0186,Augsburg,Chemnitz,232,3.9,15.7,1.16
LN0187,Munich,Magdeburg,225,4.3,28.0,1.02
LN0188,Kiel,Mannheim,551,7.8,41.2,1.17
LN0189,Frankfurt,Krefeld,221,4.3,26.7,1.0
LN0190,Krefeld,Rostock,291,5.4,19.0,1.21
LN0191,Rostock,Freiburg,600,8.8,47.1,1.06
LN0192,Leipzig,Freiburg,584,8.1,55.6,1.07
LN0193,Monchengladbach,Kiel,413,5.7,36.3,0.95
LN0194,Nuremberg,Monchengladbach,619,8.7,44.6,1.29
LN0195,Munster,Augsburg,504,7.7,43.1,1.07
LN0196,Krefeld,Stuttgart,226,4.0,21.3,1.29
LN0197,Cologne,Essen,620,8.3,56.5,1.19
LN0198,Lubeck,Augsburg,439,6.7,34.6,0.94
LN0199,Hamburg,Stuttgart,450,6.1,36.6,1.04
LN0200,Krefeld,Nuremberg,684,10.4,58.3,1.25
LN0201,Dresden,Wiesbaden,396,6.7,39.6,1.06
LN0202,Krefeld,Leipzig,184,3.1,23.8,1.13
LN0203,Frankfurt,Aachen,372,5.7,30.0,1.02
LN0204,Chemnitz,Aachen,699,9.3,60.8,1.05
LN0205,Bochum,Bielefeld,266,4.9,23.0,1.24
LN0206,Cologne,Munich,328,6.0,25.7,1.15
LN0207,Chemnitz,Dusseldorf,790,10.9,62.3,0.97
LN0208,Stuttgart,Berlin,474,7.5,45.3,1.15
LN0209,Chemnitz,Wiesbaden,414,7.0,42.5,0.97
LN0210,Erfurt,Bonn,253,4.8,19.1,1.26
LN0211,Monchengladbach,Braunschweig,779,11.1,61.6,1.04
LN0212,Monchengladbach,Augsburg,500,7.0,47.4,0.92
LN0213,Bremen,Hanover,608,9.4,50.1,0.98
LN0214,Gelsenkirchen,Bremen,765,10.7,69.9,1.23
LN0215,Halle,Oberhausen,422,5.9,41.6,0.97
LN0216,Freiburg,Bremen,567,8.1,46.0,1.06
LN0217,Duisburg,Bremen,316,5.4,34.8,1.17
LN0218,Duisburg,Essen,248,4.1,15.8,1.18
LN0219,Bremen,Krefeld,483,7.9,45.0,1.02
LN0220,Gelsenkirchen,Bonn,471,6.8,38.9,1.16
LN0221,Wuppertal,Stuttgart,682,10.5,62.0,1.01
LN0222,Chemnitz,Bremen,343,5.0,27.7,1.23
LN0223,Munster,Oberhausen,465,7.5,34.3,0.98
LN0224,Dresden,Bremen,706,10.0,57.8,1.2
LN0225,Dresden,Berlin,626,8.7,56.1,1.06
LN0226,Berlin,Stuttgart,395,6.9,26.9,1.07
LN0227,Aachen,Stuttgart,162,3.6,11.7,1.23
LN0228,Leipzig,Halle,651,9.0,51.1,0.96
LN0229,Stuttgart,Gelsenkirchen,773,10.5,64.5,1.29
LN0230,Bochum,Bonn,698,10.5,65.2,1.24
LN0231,Bremen,Mainz,696,9.3,63.4,1.1
LN0232,Berlin,Munster,796,11.3,59.6,1.1
LN0233,Braunschweig,Essen,519,8.0,51.1,1.29
LN0234,Bochum,Krefeld,555,8.5,52.2,0.95
LN0235,Essen,Dresden,743,9.8,59.4,1.28
LN0236,Dresden,Bonn,381,5.5,28.9,1.27
LN0237,Kassel,Rostock,620,9.7,53.6,1.12
LN0238,Stuttgart,Monchengladbach,455,7.5,36.1,1.22
LN0239,Dusseldorf,Duisburg,661,9.6,51.7,1.14
LN0240,Leipzig,Magdeburg,543,7.5,38.5,0.98
LN0241,Augsburg,Lubeck,195,4.2,18.9,1.16
LN0242,Kiel,Kassel,657,9.5,58.4,1.23
LN0243,Essen,Rostock,733,10.9,53.7,1.04
LN0244,Leipzig,Kassel,220,4.5,26.1,1.27
LN0245,Munich,Mannheim,703,10.4,57.1,1.01
LN0246,Halle,Nuremberg,559,7.6,42.9,1.1
LN0247,Bochum,Munster,181,4.1,10.2,1.16
LN0248,Karlsruhe,Freiburg,729,10.6,67.6,1.12
LN0249,Stuttgart,Rostock,276,4.6,25.4,1.07
LN0250,Freiburg,Hanover,362,6.1,26.8,0.9
LN0251,Hanover,Monchengladbach,330,5.3,35.3,1.02
LN0252,Berlin,Erfurt,687,9.9,53.8,1.08
LN0253,Essen,Erfurt,746,10.1,67.8,1.26
LN0254,Krefeld,Hamburg,376,5.5,30.8,1.29
LN0255,Erfurt,Munster,134,2.6,18.6,1.19
LN0256,Mannheim,Essen,163,3.1,21.2,0.98
LN0257,Leipzig,Stuttgart,583,7.9,56.4,1.06
LN0258,Munster,Bielefeld,704,9.5,65.7,0.93
LN0259,Mainz,Essen,340,5.1,29.1,1.07
LN0260,Rostock,Munster,320,4.6,32.1,1.25
LN0261,Hanover,Bochum,398,5.7,29.7,1.24
LN0262,Wuppertal,Gelsenkirchen,249,4.6,15.2,0.92
LN0263,Munich,Oberhausen,103,3.0,11.9,0.97
LN0264,Duisburg,Freiburg,316,5.7,27.1,0.95
LN0265,Magdeburg,Kiel,194,2.9,12.1,0.92
LN0266,Bremen,Munster,560,7.7,51.8,1.26
LN0267,Hamburg,Magdeburg,512,8.1,46.9,1.11
LN0268,Bochum,Hanover,671,9.9,55.2,1.01
LN0269,Augsburg,Aachen,270,4.0,17.1,1.12
LN0270,Hamburg,Frankfurt,332,5.9,32.1,1.1
LN0271,Dusseldorf,Dresden,569,8.5,53.9,1.17
LN0272,Essen,Magdeburg,605,8.7,56.9,1.27
LN0273,Stuttgart,Kassel,199,3.5,23.5,0.99
LN0274,Munich,Hanover,565,8.8,44.1,1.02
LN0275,Karlsruhe,Dresden,461,7.6,35.2,1.08
LN0276,Cologne,Bochum,295,5.3,33.5,1.26
LN0277,Dusseldorf,Munster,460,6.7,32.8,1.24
LN0278,Lubeck,Kassel,105,1.9,14.2,1.14
LN0279,Lubeck,Kiel,255,3.9,26.3,1.16
LN0280,Leipzig,Kiel,550,8.7,40.8,1.14
LN0281,Krefeld,Monchengladbach,183,3.8,22.1,0.91
LN0282,Munster,Chemnitz,793,11.3,59.9,1.27
LN0283,Dortmund,Wiesbaden,645,9.0,49.9,1.15
LN0284,Erfurt,Hamburg,107,2.0,12.1,0.96
LN0285,Kassel,Braunschweig,241,4.8,25.1,1.2
LN0286,Magdeburg,Halle,523,7.4,40.9,0.96
LN0287,Stuttgart,Magdeburg,256,4.0,15.5,0.97
LN0288,Augsburg,Kiel,785,11.2,59.0,1.11
LN0289,Kassel,Nuremberg,344,5.4,26.9,1.29
LN0290,Braunschweig,Chemnitz,510,7.5,49.7,1.23
LN0291,Stuttgart,Augsburg,191,3.5,18.4,0.94
LN0292,Wiesbaden,Magdeburg,542,8.5,45.5,1.08
LN0293,Magdeburg,Kassel,462,6.8,36.3,1.06
LN0294,Kiel,Cologne,195,3.9,12.7,1.29
LN0295,Hamburg,Bochum,426,6.0,43.6,0.97
LN0296,Karlsruhe,Bochum,140,3.3,11.0,1.12
LN0297,Monchengladbach,Stuttgart,551,7.9,43.3,1.06
LN0298,Bonn,Hanover,761,10.9,64.2,0.92
LN0299,Wuppertal,Oberhausen,452,7.3,31.2,1.05
LN0300,Mannheim,Magdeburg,709,10.3,64.9,1.2
LN0301,Freiburg,Chemnitz,204,3.7,14.4,0.96
LN0302,Bochum,Magdeburg,792,11.3,73.0,1.27
LN0303,Dresden,Wuppertal,689,9.6,56.0,0.98
LN0304,Essen,Hanover,272,4.9,26.8,1.06
LN0305,Hanover,Bielefeld,125,3.2,5.6,0.93
LN0306,Mannheim,Aachen,297,5.5,31.3,1.08
LN0307,Bonn,Gelsenkirchen,122,3.4,12.9,1.17
LN0308,Munich,Leipzig,581,9.1,49.5,1.3
LN0309,Dortmund,Magdeburg,384,6.1,26.0,1.29
LN0310,Augsburg,Mannheim,541,7.3,44.1,1.27
LN0311,Cologne,Frankfurt,444,7.0,32.3,1.06
LN0312,Augsburg,Bremen,735,11.0,59.5,0.95
LN0313,Berlin,Munich,542,8.5,47.9,1.0
LN0314,Bochum,Essen,340,5.6,23.2,0.94
LN0315,Lubeck,Gelsenkirchen,762,10.2,56.9,0.99
LN0316,Oberhausen,Bochum,177,3.3,18.4,1.24
LN0317,Wiesbaden,Chemnitz,351,5.1,32.2,1.09
LN0318,Munich,Berlin,274,4.9,26.0,1.0
LN0319,Gelsenkirchen,Chemnitz,499,7.8,45.3,1.08
LN0320,Lubeck,Essen,458,6.4,40.9,1.23
LN0321,Frankfurt,Berlin,195,4.0,12.1,1.02
LN0322,Leipzig,Hamburg,778,10.4,59.4,0.99
LN0323,Chemnitz,Bonn,684,9.8,62.9,1.02
LN0324,Bochum,Wiesbaden,270,5.4,28.7,1.15
LN0325,Freiburg,Nuremberg,311,4.6,20.6,1.09
LN0326,Nuremberg,Dresden,463,6.8,33.2,1.27
LN0327,Leipzig,Oberhausen,130,3.1,11.4,1.04
LN0328,Hamburg,Freiburg,636,9.5,53.8,1.14
LN0329,Monchengladbach,Aachen,506,7.8,35.7,1.1
LN0330,Magdeburg,Bielefeld,152,3.1,16.3,1.25
LN0331,Rostock,Lubeck,477,6.7,37.3,1.2
LN0332,Mainz,Bochum,686,10.0,62.1,1.22
LN0333,Lubeck,Monchengladbach,644,8.6,61.1,1.15
LN0334,Bonn,Hamburg,130,2.3,14.5,1.28
LN0335,Rostock,Magdeburg,341,5.8,25.2,0.93
LN0336,Kiel,Aachen,773,11.4,58.5,1.25
LN0337,Leipzig,Aachen,750,10.0,66.2,1.21
LN0338,Hamburg,Dusseldorf,552,8.1,53.2,1.24
LN0339,Dusseldorf,Stuttgart,288,5.2,25.9,1.06
LN0340,Dusseldorf,Hamburg,395,6.3,28.9,1.14
LN0341,Wiesbaden,Freiburg,400,6.5,31.4,1.16
LN0342,Kassel,Dortmund,543,7.7,39.5,1.23
LN0343,Munster,Mannheim,191,3.8,11.8,1.03
LN0344,Dortmund,Erfurt,177,3.6,16.7,1.27
LN0345,Nuremberg,Leipzig,512,7.9,41.8,1.11
LN0346,Bielefeld,Bochum,532,7.8,44.4,0.98
LN0347,Bonn,Monchengladbach,106,2.5,4.4,1.23
LN0348,Wiesbaden,Bonn,258,4.9,22.2,1.21
LN0349,Augsburg,Frankfurt,641,9.6,50.1,1.18
LN0350,Bochum,Stuttgart,530,7.6,50.3,1.25
LN0351,Oberhausen,Munich,165,3.6,13.9,1.27
LN0352,Hanover,Krefeld,560,8.2,51.7,1.04
LN0353,Essen,Augsburg,342,5.2,30.4,0.9
LN0354,Dortmund,Braunschweig,762,10.1,56.4,0.95
LN0355,Bochum,Halle,584,8.5,52.8,1.18
LN0356,Bielefeld,Bonn,559,7.5,53.9,0.94
LN0357,Bielefeld,Hanover,607,9.5,52.6,1.2
LN0358,Duisburg,Kassel,371,6.4,38.7,1.17
LN0359,Wiesbaden,Cologne,365,6.0,36.9,0.95
LN0360,Dusseldorf,Halle,505,7.3,46.9,0.93
LN0361,Gelsenkirchen,Mainz,264,4.4,24.1,1.02
LN0362,Krefeld,Halle,300,5.0,27.7,1.0
LN0363,Nuremberg,Stuttgart,288,4.5,23.5,1.12
LN0364,Dusseldorf,Frankfurt,339,5.8,26.2,0.94
LN0365,Oberhausen,Erfurt,756,10.8,59.0,1.06
LN0366,Stuttgart,Dusseldorf,210,4.3,24.3,1.13
LN0367,Oberhausen,Mainz,752,10.3,67.4,1.08
LN0368,Braunschweig,Nuremberg,252,3.7,28.8,1.06
LN0369,Dortmund,Lubeck,289,4.3,23.0,1.22
LN0370,Monchengladbach,Bremen,625,9.2,59.9,1.27
LN0371,Bochum,Chemnitz,671,10.0,50.6,1.21
LN0372,Hamburg,Lubeck,179,4.1,17.8,1.21
LN0373,Magdeburg,Erfurt,675,9.6,61.0,1.15
LN0374,Krefeld,Freiburg,536,8.6,39.2,1.06
LN0375,Munster,Krefeld,100,3.1,14.5,0.98
LN0376,Duisburg,Hamburg,590,8.3,48.5,1.0
LN0377,Dresden,Chemnitz,288,4.7,33.0,1.08
LN0378,Nuremberg,Karlsruhe,280,5.3,22.8,1.24
LN0379,Dortmund,Munich,531,7.8,44.6,1.27
LN0380,Monchengladbach,Wuppertal,154,3.2,12.0,1.26
LN0381,Karlsruhe,Bielefeld,508,8.0,39.9,1.17
LN0382,Frankfurt,Munich,164,3.9,14.1,1.22
LN0383,Monchengladbach,Dortmund,192,3.7,18.6,1.2
LN0384,Gelsenkirchen,Karlsruhe,540,8.1,49.2,1.15
LN0385,Dusseldorf,Lubeck,353,5.3,31.8,1.1
LN0386,Cologne,Mannheim,110,2.1,18.5,0.97
LN0387,Berlin,Mannheim,203,4.0,22.6,1.27
LN0388,Dresden,Kassel,417,7.0,43.2,1.24
LN0389,Freiburg,Magdeburg,588,9.0,52.2,1.29
LN0390,Stuttgart,Mainz,147,3.8,18.6,1.19
LN0391,Rostock,Cologne,317,5.5,29.7,1.06
LN0392,Monchengladbach,Berlin,224,4.4,14.0,0.91
LN0393,Lubeck,Braunschweig,413,6.3,32.8,0.96
LN0394,Munster,Munich,271,4.1,21.8,1.17
LN0395,Essen,Kiel,510,7.8,48.8,1.25
LN0396,Augsburg,Mainz,464,7.3,35.1,1.21
LN0397,Magdeburg,Stuttgart,733,10.1,62.3,1.14
LN0398,Karlsruhe,Stuttgart,322,4.7,21.9,1.0
LN0399,Bielefeld,Munster,347,5.7,32.3,1.2
LN0400,Rostock,Oberhausen,262,3.8,27.2,1.19
LN0401,Berlin,Gelsenkirchen,640,9.5,55.3,1.0
LN0402,Dresden,Erfurt,586,9.3,42.1,0.99
LN0403,Duisburg,Karlsruhe,678,9.4,51.3,1.09
LN0404,Munster,Nuremberg,684,9.8,63.4,0.97
LN0405,Munster,Duisburg,239,4.3,21.2,1.2
LN0406,Cologne,Bremen,636,9.5,53.6,1.02
LN0407,Dresden,Mannheim,224,4.4,27.7,1.05
LN0408,Frankfurt,Mannheim,137,3.6,19.6,0.94
LN0409,Mannheim,Braunschweig,136,3.3,9.9,1.02
LN0410,Krefeld,Chemnitz,716,10.0,64.7,1.03
LN0411,Lubeck,Hamburg,159,2.8,8.6,0.93
LN0412,Leipzig,Gelsenkirchen,517,8.0,44.8,0.92
LN0413,Karlsruhe,Kassel,736,9.8,56.3,1.15
LN0414,Freiburg,Mainz,283,4.8,19.8,0.98
LN0415,Gelsenkirchen,Lubeck,655,8.9,47.5,1.05
LN0416,Kassel,Leipzig,301,4.3,22.6,0.98
LN0417,Bielefeld,Magdeburg,354,6.0,24.8,1.22
LN0418,Wiesbaden,Duisburg,761,10.8,62.1,1.18
LN0419,Cologne,Wuppertal,713,10.2,62.4,0.91
LN0420,Braunschweig,Lubeck,386,6.8,36.3,1.05
LN0421,Oberhausen,Hanover,437,7.2,30.6,0.95
LN0422,Dusseldorf,Dortmund,370,5.8,33.9,0.95
LN0423,Bremen,Leipzig,273,4.3,17.9,1.26
LN0424,Bonn,Bochum,490,7.7,37.0,0.99
LN0425,Essen,Wuppertal,523,7.7,49.2,0.93
LN0426,Halle,Cologne,440,6.0,40.8,1.27
LN0427,Mannheim,Freiburg,560,7.6,43.3,1.14
LN0428,Bonn,Chemnitz,243,4.3,15.8,0.94
LN0429,Aachen,Kiel,451,6.9,31.5,1.19
LN0430,Erfurt,Bremen,370,5.2,29.1,0.96
LN0431,Halle,Hamburg,738,11.2,57.4,0.95
LN0432,Nuremberg,Mannheim,767,10.8,69.0,0.91
LN0433,Halle,Bochum,526,7.3,46.3,1.05
LN0434,Berlin,Augsburg,596,8.5,55.7,0.98
LN0435,Chemnitz,Krefeld,544,8.4,45.4,1.3
LN0436,Munster,Kiel,693,9.5,59.8,1.26
LN0437,Gelsenkirchen,Duisburg,111,3.1,9.5,1.23
LN0438,Kiel,Hanover,321,5.0,23.3,1.12
LN0439,Lubeck,Berlin,767,10.3,60.2,1.17
LN0440,Dresden,Munich,217,4.4,12.8,1.05
LN0441,Wiesbaden,Bochum,524,7.1,45.9,1.08
LN0442,Magdeburg,Augsburg,499,7.8,47.2,1.0
LN0443,Nuremberg,Wuppertal,452,7.0,38.3,1.1
LN0444,Stuttgart,Freiburg,532,8.3,52.4,0.94
LN0445,Essen,Bielefeld,142,2.4,10.9,1.22
LN0446,Dresden,Aachen,775,11.4,65.7,1.06
LN0447,Munich,Lubeck,432,5.9,39.6,0.94
LN0448,Gelsenkirchen,Krefeld,676,9.7,63.8,1.13
LN0449,Dortmund,Karlsruhe,540,7.7,41.5,1.06
LN0450,Augsburg,Oberhausen,505,7.6,43.6,0.91
LN0451,Berlin,Kiel,549,7.8,44.4,1.1
LN0452,Bielefeld,Halle,168,3.0,22.0,1.28
LN0453,Bochum,Aachen,506,7.1,37.4,0.94
LN0454,Gelsenkirchen,Halle,606,9.2,47.2,1.03
LN0455,Karlsruhe,Bonn,260,4.8,26.7,1.26
LN0456,Karlsruhe,Munster,335,5.4,33.7,1.05
LN0457,Halle,Rostock,276,4.0,32.0,1.05
LN0458,Lubeck,Nuremberg,708,9.5,54.0,1.01
LN0459,Augsburg,Munster,384,6.5,36.5,1.08
LN0460,Gelsenkirchen,Oberhausen,214,3.4,16.2,1.28
LN0461,Augsburg,Halle,611,9.6,53.5,1.25
LN0462,Bochum,Nuremberg,389,6.4,37.2,1.28
LN0463,Krefeld,Dresden,537,7.7,39.9,0.92
LN0464,Wuppertal,Bielefeld,234,4.4,18.4,1.11
LN0465,Lubeck,Magdeburg,733,10.9,62.7,1.16
LN0466,Monchengladbach,Dusseldorf,311,5.7,33.0,1.17
LN0467,Mainz,Augsburg,520,8.0,46.1,0.99
LN0468,Halle,Duisburg,763,11.2,58.9,1.05
LN0469,Leipzig,Monchengladbach,454,7.1,45.9,0.91
LN0470,Dresden,Braunschweig,584,8.8,52.6,1.26
LN0471,Augsburg,Erfurt,720,10.4,65.7,1.06
LN0472,Rostock,Leipzig,237,4.5,22.5,1.05
LN0473,Frankfurt,Bonn,497,6.9,39.6,1.24
LN0474,Leipzig,Munster,116,3.0,9.3,1.19
LN0475,Wiesbaden,Munich,404,6.0,33.2,1.04
LN0476,Oberhausen,Freiburg,647,9.8,53.7,0.91
LN0477,Dortmund,Munster,120,2.2,6.0,1.07
LN0478,Rostock,Mainz,705,9.9,62.6,1.09
LN0479,Monchengladbach,Magdeburg,373,5.6,28.6,0.99
LN0480,Freiburg,Monchengladbach,426,6.9,31.4,0.94
LN0481,Nuremberg,Bochum,387,5.7,35.3,1.22
LN0482,Hanover,Stuttgart,201,3.9,18.8,0.95
LN0483,Lubeck,Bremen,163,2.6,10.4,1.23
LN0484,Mannheim,Bielefeld,537,8.2,42.8,1.17
LN0485,Chemnitz,Gelsenkirchen,144,2.7,15.3,1.03
LN0486,Oberhausen,Rostock,755,10.0,62.7,1.17
LN0487,Dortmund,Duisburg,666,10.3,56.7,1.22
LN0488,Magdeburg,Wiesbaden,253,4.5,17.8,1.22
LN0489,Cologne,Karlsruhe,634,9.4,50.3,1.3
LN0490,Nuremberg,Gelsenkirchen,513,7.5,41.7,1.21
LN0491,Stuttgart,Bochum,528,7.6,47.1,0.98
LN0492,Karlsruhe,Augsburg,479,7.6,35.2,1.12
LN0493,Magdeburg,Aachen,705,9.3,60.2,0.9
LN0494,Hamburg,Dortmund,428,7.3,34.3,1.14
LN0495,Bochum,Dusseldorf,117,2.7,9.6,1.05
LN0496,Mainz,Munich,687,10.1,61.1,1.29
LN0497,Oberhausen,Duisburg,287,4.9,28.0,0.98
LN0498,Augsburg,Wuppertal,452,7.6,42.3,1.09
LN0499,Nuremberg,Frankfurt,769,11.2,59.6,1.11
LN0500,Duisburg,Kiel,637,9.6,46.7,0.98
LN0501,Dresden,Frankfurt,339,5.7,23.8,1.21
LN0502,Lubeck,Hanover,704,9.7,53.5,0.91
LN0503,Dusseldorf,Essen,358,6.3,38.3,1.08
LN0504,Rostock,Dresden,742,9.9,58.4,1.03
LN0505,Dresden,Cologne,169,2.8,11.5,1.08
LN0506,Stuttgart,Bonn,281,4.1,25.7,1.18
LN0507,Karlsruhe,Duisburg,143,3.3,13.4,1.22
LN0508,Bonn,Freiburg,559,8.3,44.4,0.98
LN0509,Chemnitz,Munich,466,6.6,37.9,1.12
LN0510,Bochum,Augsburg,151,2.5,20.6,1.17
LN0511,Oberhausen,Munster,305,5.8,26.4,0.92
LN0512,Munich,Krefeld,680,10.0,55.1,1.25
LN0513,Halle,Aachen,496,7.2,40.5,0.95
LN0514,Erfurt,Rostock,224,4.2,24.8,1.06
LN0515,Augsburg,Krefeld,344,5.1,37.3,1.23
LN0516,Bonn,Mainz,538,8.0,49.2,1.06
LN0517,Duisburg,Halle,231,4.3,16.3,1.18
LN0518,Rostock,Kiel,265,3.9,16.5,1.2
LN0519,Gelsenkirchen,Hanover,792,11.9,70.0,1.04
LN0520,Hanover,Munster,736,10.6,60.4,1.0
LN0521,Halle,Braunschweig,250,4.5,27.9,1.23
LN0522,Mainz,Chemnitz,445,6.1,37.2,1.18
LN0523,Gelsenkirchen,Augsburg,382,6.7,35.9,1.21
LN0524,Stuttgart,Hanover,599,8.4,51.7,1.07
LN0525,Munster,Aachen,151,3.2,8.7,0.95
LN0526,Mannheim,Kassel,308,4.6,34.3,1.27
LN0527,Chemnitz,Halle,161,3.4,14.5,1.16
LN0528,Erfurt,Hanover,223,4.6,13.8,1.27
LN0529,Munster,Cologne,516,7.8,42.5,1.14
LN0530,Munster,Dortmund,220,3.4,17.8,1.06
LN0531,Nuremberg,Kiel,217,3.8,23.1,0.94
LN0532,Mainz,Halle,770,11.0,66.0,1.02
LN0533,Duisburg,Bielefeld,390,6.2,30.5,1.22
LN0534,Hanover,Gelsenkirchen,401,6.0,41.3,0.98
LN0535,Cologne,Braunschweig,321,5.0,21.2,1.17
LN0536,Rostock,Frankfurt,296,4.9,22.1,1.21
LN0537,Kiel,Wuppertal,226,3.6,13.2,1.22
LN0538,Lubeck,Bonn,187,3.1,12.9,1.03
LN0539,Dresden,Bielefeld,599,8.1,43.5,0.97
LN0540,Leipzig,Karlsruhe,519,8.4,40.4,0.99
LN0541,Berlin,Freiburg,177,3.5,21.1,1.02
LN0542,Berlin,Magdeburg,276,4.1,30.5,1.19
LN0543,Kiel,Monchengladbach,181,3.7,14.0,0.97
LN0544,Hanover,Kassel,769,11.6,70.7,0.93
LN0545,Freiburg,Essen,508,8.0,48.5,1.09
LN0546,Chemnitz,Erfurt,228,3.7,23.8,0.95
LN0547,Nuremberg,Oberhausen,657,9.3,49.8,0.98
LN0548,Dortmund,Nuremberg,361,5.5,30.4,1.22
LN0549,Dusseldorf,Monchengladbach,228,4.5,14.7,0.93
LN0550,Freiburg,Rostock,742,10.2,57.4,1.06
LN0551,Munich,Halle,131,3.3,10.6,1.03
LN0552,Duisburg,Cologne,589,7.9,49.6,1.1
LN0553,Hamburg,Aachen,332,5.9,29.3,1.22
LN0554,Monchengladbach,Munich,703,9.7,57.2,1.09
LN0555,Essen,Mainz,255,5.1,28.9,1.24
LN0556,Augsburg,Gelsenkirchen,354,5.4,34.7,1.25
LN0557,Kassel,Lubeck,313,4.9,34.5,0.98
LN0558,Dusseldorf,Leipzig,759,11.3,61.6,1.13
LN0559,Aachen,Monchengladbach,618,8.7,55.5,1.13
LN0560,Halle,Bielefeld,152,3.6,17.7,1.12
LN0561,Munich,Duisburg,466,6.7,34.0,0.97
LN0562,Kassel,Stuttgart,576,8.7,50.8,1.1
LN0563,Oberhausen,Braunschweig,394,6.6,30.2,1.06
LN0564,Magdeburg,Bonn,676,9.7,53.5,1.21
LN0565,Lubeck,Cologne,796,10.7,58.7,0.93
LN0566,Wuppertal,Lubeck,746,9.9,58.8,1.17
LN0567,Stuttgart,Oberhausen,634,8.6,53.1,1.17
LN0568,Nuremberg,Dortmund,388,5.5,31.8,1.16
LN0569,Magdeburg,Berlin,197,3.6,17.1,0.97
LN0570,Dortmund,Bochum,403,6.9,39.4,0.94
LN0571,Mainz,Aachen,598,8.0,47.4,1.03
LN0572,Mainz,Gelsenkirchen,294,4.4,26.5,1.05
LN0573,Dusseldorf,Nuremberg,672,10.3,56.8,1.16
LN0574,Duisburg,Wuppertal,488,8.1,40.8,1.29
LN0575,Duisburg,Munster,227,3.8,26.8,0.95
LN0576,Monchengladbach,Cologne,560,7.6,49.2,1.0
LN0577,Lubeck,Wiesbaden,729,11.1,65.3,1.08
LN0578,Magdeburg,Dresden,247,3.6,23.2,1.02
LN0579,Duisburg,Augsburg,576,9.0,52.5,0.97
LN0580,Augsburg,Rostock,195,4.3,23.8,1.06
LN0581,Mainz,Bielefeld,393,6.1,35.6,1.2
LN0582,Braunschweig,Bremen,215,4.3,26.0,1.12
LN0583,Nuremberg,Rostock,523,7.4,37.9,1.0
LN0584,Krefeld,Munster,597,9.4,55.6,1.14
LN0585,Munich,Chemnitz,611,8.2,46.8,1.05
LN0586,Frankfurt,Essen,770,11.5,61.7,1.12
LN0587,Bonn,Leipzig,302,4.9,26.4,1.06
LN0588,Oberhausen,Lubeck,781,11.1,70.4,1.16
LN0589,Berlin,Dusseldorf,137,3.7,20.6,1.27
LN0590,Augsburg,Duisburg,419,6.9,30.8,1.02
LN0591,Aachen,Karlsruhe,569,8.6,45.1,1.05
LN0592,Magdeburg,Hanover,348,5.5,32.5,0.97
LN0593,Dusseldorf,Oberhausen,135,2.9,20.7,1.07
LN0594,Kassel,Hamburg,225,3.5,24.1,1.23
LN0595,Halle,Leipzig,504,7.5,41.5,0.99
LN0596,Bochum,Berlin,258,4.0,17.0,0.95
LN0597,Dusseldorf,Braunschweig,211,3.9,14.1,1.12
LN0598,Bremen,Magdeburg,310,5.1,27.6,1.27
LN0599,Bochum,Hamburg,241,4.3,28.1,1.07
LN0600,Gelsenkirchen,Hamburg,573,9.1,49.0,0.92
LN0601,Frankfurt,Chemnitz,723,9.7,62.1,1.18
LN0602,Bielefeld,Frankfurt,660,9.4,49.4,1.06
LN0603,Augsburg,Bonn,740,10.2,61.0,0.98
LN0604,Monchengladbach,Bonn,791,10.7,67.2,1.23
LN0605,Dortmund,Bielefeld,330,4.7,30.4,1.19
LN0606,Duisburg,Monchengladbach,783,11.4,66.2,1.25
LN0607,Mannheim,Munster,232,4.3,17.9,1.25
LN0608,Rostock,Duisburg,446,6.9,35.7,0.98
LN0609,Mainz,Krefeld,331,5.4,31.6,0.97
LN0610,Essen,Freiburg,211,4.0,17.3,1.11
LN0611,Braunschweig,Kassel,117,2.6,17.6,1.06
LN0612,Kassel,Augsburg,669,9.7,56.0,1.03
LN0613,Bremen,Frankfurt,329,4.8,32.9,1.27
LN0614,Wuppertal,Leipzig,357,5.6,37.6,1.09
LN0615,Munich,Kiel,506,8.1,47.1,1.07
LN0616,Lubeck,Chemnitz,472,7.2,41.1,1.06
LN0617,Nuremberg,Duisburg,465,7.5,35.8,1.17
LN0618,Frankfurt,Cologne,647,8.7,58.7,1.17
LN0619,Wiesbaden,Kassel,638,9.2,56.2,1.24
LN0620,Dresden,Munster,742,10.9,62.7,1.21
LN0621,Mainz,Hamburg,524,7.4,42.4,1.19
LN0622,Dortmund,Bremen,334,6.1,30.0,1.08
LN0623,Kassel,Cologne,307,4.6,23.7,1.18
LN0624,Bonn,Nuremberg,115,2.4,4.9,1.13
LN0625,Dusseldorf,Gelsenkirchen,439,6.3,43.1,1.28
LN0626,Karlsruhe,Wuppertal,487,7.1,41.8,1.0
LN0627,Mainz,Dresden,374,5.6,28.4,1.17
LN0628,Berlin,Dortmund,110,2.6,16.6,0.97
LN0629,Oberhausen,Bielefeld,582,8.5,53.7,1.27
LN0630,Stuttgart,Munich,565,8.4,52.5,0.92
LN0631,Kiel,Braunschweig,350,5.6,36.8,1.09
LN0632,Magdeburg,Leipzig,580,7.8,43.2,1.27
LN0633,Frankfurt,Wiesbaden,259,4.2,29.5,1.29
LN0634,Munich,Bielefeld,792,11.7,72.2,1.08
LN0635,Chemnitz,Nuremberg,551,8.4,50.3,1.13
LN0636,Freiburg,Bonn,717,9.5,65.3,1.12
LN0637,Nuremberg,Erfurt,195,3.3,15.9,0.93
LN0638,Duisburg,Bochum,603,9.5,53.6,1.07
LN0639,Wuppertal,Wiesbaden,197,3.4,25.4,1.14
LN0640,Rostock,Mannheim,707,9.8,55.5,1.06
LN0641,Munich,Bremen,123,2.2,19.2,1.02
LN0642,Krefeld,Bonn,751,10.8,58.2,1.28
LN0643,Munich,Freiburg,410,6.9,32.2,0.95
LN0644,Erfurt,Berlin,370,5.1,31.2,1.26
LN0645,Dortmund,Stuttgart,524,8.0,39.2,0.98
LN0646,Gelsenkirchen,Erfurt,434,6.5,43.0,1.11
LN0647,Bielefeld,Wiesbaden,331,5.1,22.9,1.0
LN0648,Dortmund,Krefeld,555,7.5,51.4,0.97
LN0649,Cologne,Stuttgart,586,9.3,47.1,1.22
LN0650,Wuppertal,Duisburg,112,2.4,15.1,1.06
LN0651,Hanover,Aachen,245,4.0,18.5,1.21
LN0652,Mannheim,Leipzig,399,5.5,32.7,1.27
LN0653,Kassel,Wiesbaden,629,8.4,57.9,1.22
LN0654,Mainz,Braunschweig,413,6.5,35.0,1.2
LN0655,Kiel,Berlin,306,4.3,29.0,1.09
LN0656,Erfurt,Chemnitz,499,8.2,49.7,0.94
LN0657,Aachen,Bochum,798,10.8,70.1,0.98
LN0658,Kassel,Munich,125,3.6,15.3,1.29
LN0659,Magdeburg,Mainz,566,8.3,41.9,1.03
LN0660,Krefeld,Oberhausen,528,7.6,50.1,1.13
LN0661,Dortmund,Aachen,334,4.9,23.7,0.99
LN0662,Monchengladbach,Bielefeld,115,2.5,12.3,1.1
LN0663,Mannheim,Augsburg,444,6.2,36.9,1.23
LN0664,Oberhausen,Stuttgart,347,5.3,37.0,1.25
LN0665,Oberhausen,Monchengladbach,253,5.1,27.9,0.91
LN0666,Dortmund,Essen,699,10.3,59.5,1.28
LN0667,Dresden,Monchengladbach,706,10.2,61.6,1.0
LN0668,Frankfurt,Oberhausen,365,5.2,35.8,0.92
LN0669,Erfurt,Duisburg,575,7.7,53.1,1.25
LN0670,Halle,Essen,420,6.5,32.1,0.91
LN0671,Stuttgart,Karlsruhe,174,3.6,21.7,0.9
LN0672,Hamburg,Kiel,461,7.3,35.5,1.11
LN0673,Krefeld,Mannheim,591,9.0,50.3,1.08
LN0674,Rostock,Bochum,112,3.2,17.7,1.05
LN0675,Munster,Kassel,348,5.9,35.8,1.18
LN0676,Bochum,Dresden,541,7.5,46.4,1.06
LN0677,Kiel,Dusseldorf,395,6.3,30.5,1.21
LN0678,Bielefeld,Aachen,749,11.0,68.1,1.05
LN0679,Bielefeld,Kassel,621,8.6,45.9,1.11
LN0680,Mannheim,Lubeck,707,9.8,54.7,1.16
LN0681,Duisburg,Frankfurt,566,7.6,42.5,0.94
LN0682,Lubeck,Karlsruhe,672,9.8,56.2,0.97
LN0683,Freiburg,Cologne,538,7.3,42.9,1.05
LN0684,Mannheim,Dortmund,128,3.4,15.1,1.08
LN0685,Gelsenkirchen,Wiesbaden,614,9.7,49.3,1.07
LN0686,Kiel,Augsburg,775,10.2,68.8,1.18
LN0687,Bielefeld,Wuppertal,290,4.3,25.7,1.28
LN0688,Dresden,Hamburg,504,7.7,43.0,1.07
LN0689,Dortmund,Mainz,362,5.8,34.8,1.26
LN0690,Bielefeld,Dortmund,454,7.5,44.7,1.22
LN0691,Bochum,Erfurt,300,4.9,31.9,1.24
LN0692,Kassel,Chemnitz,437,6.1,43.4,1.03
LN0693,Stuttgart,Krefeld,421,6.2,36.5,1.21
LN0694,Karlsruhe,Dortmund,732,9.7,57.7,1.14
LN0695,Erfurt,Nuremberg,444,7.2,43.9,0.96
LN0696,Dusseldorf,Berlin,129,2.9,11.7,1.1
LN0697,Dusseldorf,Wuppertal,347,5.2,28.4,1.12
LN0698,Bremen,Dortmund,160,3.1,10.8,1.29
LN0699,Nuremberg,Krefeld,610,8.4,58.7,0.96
LN0700,Kassel,Bochum,216,3.3,16.4,0.91
LN0701,Halle,Erfurt,421,6.7,29.6,1.19
LN0702,Karlsruhe,Leipzig,144,3.1,12.4,1.25
LN0703,Aachen,Augsburg,478,7.2,41.9,0.96
LN0704,Munster,Halle,463,7.5,36.3,1.16
LN0705,Kassel,Karlsruhe,224,4.6,20.1,0.93
LN0706,Freiburg,Mannheim,216,4.4,26.1,1.1
LN0707,Essen,Aachen,251,3.7,19.8,1.06
LN0708,Bremen,Bochum,647,9.4,48.9,1.15
LN0709,Cologne,Berlin,642,8.9,53.2,1.02
LN0710,Monchengladbach,Nuremberg,355,5.1,35.8,1.07
LN0711,Mainz,Dortmund,528,7.8,41.0,1.16
LN0712,Wuppertal,Dusseldorf,652,10.0,57.7,1.13
LN0713,Krefeld,Lubeck,431,6.7,38.2,1.04
LN0714,Krefeld,Gelsenkirchen,494,8.1,35.1,1.08
LN0715,Krefeld,Augsburg,671,9.5,61.3,1.21
LN0716,Monchengladbach,Mainz,499,8.1,36.6,0.98
LN0717,Munich,Wuppertal,305,5.7,33.4,0.92
LN0718,Freiburg,Munster,319,4.7,20.9,1.1
LN0719,Erfurt,Wiesbaden,543,7.9,38.8,0.91
LN0720,Freiburg,Lubeck,490,7.5,45.9,1.02
LN0721,Freiburg,Braunschweig,171,3.9,16.9,1.04
LN0722,Kassel,Erfurt,229,3.8,17.2,1.01
LN0723,Augsburg,Wiesbaden,606,9.3,46.7,0.95
LN0724,Lubeck,Leipzig,758,11.1,56.6,1.08
LN0725,Krefeld,Mainz,659,9.1,60.1,1.3
LN0726,Berlin,Bremen,572,8.6,52.9,1.19
LN0727,Munster,Magdeburg,322,5.0,26.9,0.93
LN0728,Oberhausen,Gelsenkirchen,744,10.2,57.4,1.14
LN0729,Wuppertal,Bochum,753,10.0,69.5,0.96
LN0730,Chemnitz,Augsburg,195,3.5,11.4,1.02
LN0731,Bremen,Mannheim,411,6.0,35.1,1.1
LN0732,Hamburg,Karlsruhe,435,6.8,37.0,1.09
LN0733,Dusseldorf,Augsburg,621,8.3,55.7,1.28
LN0734,Monchengladbach,Kassel,158,3.7,18.6,1.11
LN0735,Duisburg,Dresden,109,2.0,16.6,1.11
LN0736,Berlin,Braunschweig,738,11.0,60.5,1.17
LN0737,Wuppertal,Magdeburg,490,7.3,34.5,0.96
LN0738,Wuppertal,Aachen,306,5.8,19.5,1.07
LN0739,Aachen,Braunschweig,392,5.5,27.9,1.09
LN0740,Essen,Duisburg,541,8.2,50.5,1.18
LN0741,Leipzig,Dusseldorf,646,9.9,51.5,0.99
LN0742,Frankfurt,Hanover,480,6.5,43.8,1.08
LN0743,Bonn,Munster,427,7.3,34.8,1.27
LN0744,Magdeburg,Munster,583,9.0,51.2,0.99
LN0745,Wiesbaden,Hanover,636,9.8,54.0,0.92
LN0746,Chemnitz,Karlsruhe,479,7.4,33.4,0.9
LN0747,Duisburg,Dortmund,444,7.4,33.0,1.27
LN0748,Berlin,Chemnitz,659,9.7,48.7,1.2
LN0749,Berlin,Aachen,788,10.9,69.2,1.17
LN0750,Bremen,Braunschweig,530,8.5,40.9,1.03
LN0751,Munich,Erfurt,444,6.1,39.4,1.3
LN0752,Hamburg,Duisburg,617,9.7,59.2,1.07
LN0753,Cologne,Augsburg,373,5.3,39.4,1.04
LN0754,Wuppertal,Munster,437,6.2,39.8,1.25
LN0755,Berlin,Nuremberg,163,3.9,20.8,1.25
LN0756,Hamburg,Dresden,177,3.1,9.7,0.93
LN0757,Essen,Munster,615,9.2,50.7,1.05
LN0758,Bielefeld,Lubeck,263,3.8,22.3,1.05
LN0759,Karlsruhe,Braunschweig,228,3.5,26.1,0.97
LN0760,Monchengladbach,Frankfurt,740,9.9,60.1,1.16
LN0761,Berlin,Rostock,622,8.6,55.0,1.17
LN0762,Krefeld,Erfurt,675,9.8,52.3,1.26
LN0763,Freiburg,Dusseldorf,291,5.1,32.8,1.23
LN0764,Bielefeld,Augsburg,135,3.5,14.4,0.9
LN0765,Frankfurt,Dresden,439,6.3,38.2,1.17
LN0766,Braunschweig,Mainz,602,8.5,57.1,0.92
LN0767,Dresden,Dusseldorf,584,8.2,48.1,1.06
LN0768,Rostock,Chemnitz,371,5.8,31.6,1.13
LN0769,Erfurt,Bochum,484,7.1,38.5,1.25
LN0770,Bremen,Stuttgart,790,10.8,60.2,1.28
LN0771,Krefeld,Berlin,620,9.0,45.6,1.04
LN0772,Wiesbaden,Bremen,626,8.6,46.5,0.99
LN0773,Braunschweig,Bielefeld,249,4.6,16.6,1.28
LN0774,Frankfurt,Dusseldorf,635,9.1,50.9,1.19
LN0775,Wiesbaden,Bielefeld,607,8.6,48.5,0.93
LN0776,Cologne,Magdeburg,214,4.0,26.9,1.14
LN0777,Monchengladbach,Essen,503,6.8,45.8,1.1
LN0778,Kiel,Duisburg,124,2.8,12.9,1.09
LN0779,Hamburg,Oberhausen,210,3.7,12.8,1.16
LN0780,Bremen,Munich,114,2.8,17.7,1.16
LN0781,Bremen,Nuremberg,386,5.5,29.0,1.17
LN0782,Leipzig,Chemnitz,289,4.8,19.6,0.93
LN0783,Stuttgart,Kiel,403,6.5,30.5,1.14
LN0784,Magdeburg,Lubeck,289,5.0,24.4,0.91
LN0785,Hanover,Nuremberg,222,4.0,22.1,1.07
LN0786,Krefeld,Magdeburg,140,3.1,17.0,0.95
LN0787,Cologne,Oberhausen,291,4.7,30.3,1.03
LN0788,Berlin,Bochum,510,7.2,39.7,1.22
LN0789,Leipzig,Rostock,467,6.8,44.3,0.94
LN0790,Duisburg,Erfurt,309,5.8,24.9,1.28
LN0791,Gelsenkirchen,Leipzig,663,8.8,58.5,1.1
LN0792,Wuppertal,Rostock,416,6.7,41.6,1.21
LN0793,Halle,Monchengladbach,341,5.7,30.3,1.05
LN0794,Mannheim,Dusseldorf,735,10.2,64.9,0.98
LN0795,Bremen,Cologne,157,3.1,18.9,1.27
LN0796,Erfurt,Bielefeld,314,5.9,28.0,1.27
LN0797,Freiburg,Halle,363,5.7,35.4,1.21
LN0798,Monchengladbach,Halle,752,10.0,62.6,1.16
LN0799,Hanover,Cologne,272,3.9,26.6,0.94
LN0800,Magdeburg,Dusseldorf,201,4.3,16.1,1.19
LN0801,Aachen,Wiesbaden,339,5.4,30.7,1.22
LN0802,Duisburg,Mainz,681,10.1,50.5,1.08
LN0803,Aachen,Cologne,601,8.9,52.5,1.0
LN0804,Braunschweig,Bochum,514,8.3,51.0,1.21
LN0805,Munich,Dusseldorf,221,4.4,14.6,1.06
LN0806,Mannheim,Mainz,792,10.7,59.0,1.17
LN0807,Bonn,Krefeld,572,7.7,46.5,1.06
LN0808,Erfurt,Wuppertal,498,7.0,38.4,1.2
LN0809,Frankfurt,Kiel,414,6.5,31.4,1.11
LN0810,Wiesbaden,Erfurt,404,6.6,36.8,1.17
LN0811,Stuttgart,Erfurt,199,3.9,25.8,0.92
LN0812,Kiel,Bielefeld,423,6.1,31.2,1.03
LN0813,Hamburg,Bremen,616,9.2,46.1,0.92
LN0814,Halle,Freiburg,574,7.8,53.9,0.95
LN0815,Freiburg,Wiesbaden,696,10.4,51.3,1.1
LN0816,Wuppertal,Mainz,446,6.2,31.8,1.21
LN0817,Aachen,Dusseldorf,527,7.7,48.0,1.15
LN0818,Essen,Gelsenkirchen,171,3.0,9.9,0.95
LN0819,Dusseldorf,Erfurt,553,8.9,50.7,1.12
LN0820,Wuppertal,Freiburg,402,6.0,36.1,1.06
LN0821,Cologne,Munster,445,6.7,43.5,1.27
LN0822,Rostock,Dortmund,116,2.8,4.7,1.16
LN0823,Braunschweig,Dresden,699,10.6,63.7,1.14
LN0824,Gelsenkirchen,Rostock,584,8.7,55.3,0.92
LN0825,Bonn,Oberhausen,640,9.4,46.9,1.15
LN0826,Hanover,Berlin,730,10.4,66.7,0.98
LN0827,Frankfurt,Kassel,167,3.2,11.1,1.01
LN0828,Magdeburg,Frankfurt,404,5.9,32.8,1.11
LN0829,Hamburg,Halle,103,2.0,4.9,1.15
LN0830,Bremen,Halle,371,6.3,29.5,1.07
LN0831,Freiburg,Wuppertal,240,4.0,15.0,1.21
LN0832,Braunschweig,Cologne,564,8.1,54.3,1.19
LN0833,Stuttgart,Halle,129,2.5,11.8,1.2
LN0834,Oberhausen,Augsburg,510,7.9,38.5,1.3
LN0835,Essen,Monchengladbach,528,8.1,49.9,0.99
LN0836,Oberhausen,Aachen,681,9.9,50.5,1.19
LN0837,Duisburg,Wiesbaden,744,10.3,62.8,1.09
LN0838,Bonn,Essen,280,4.2,24.1,1.04
LN0839,Kassel,Oberhausen,117,3.0,18.6,0.95
LN0840,Dresden,Essen,751,11.2,62.3,1.11
LN0841,Monchengladbach,Rostock,678,10.5,64.1,1.24
LN0842,Stuttgart,Aachen,557,7.8,47.7,1.29
LN0843,Augsburg,Braunschweig,331,5.4,32.8,1.04
LN0844,Karlsruhe,Gelsenkirchen,226,3.6,27.7,1.03
LN0845,Bonn,Bielefeld,422,6.4,39.6,1.21
LN0846,Cologne,Krefeld,614,8.9,53.4,1.19
LN0847,Magdeburg,Gelsenkirchen,484,7.4,44.6,0.92
LN0848,Dusseldorf,Hanover,639,9.1,48.2,1.08
LN0849,Frankfurt,Dortmund,575,8.3,50.2,0.99
LN0850,Essen,Bremen,524,7.5,37.8,1.06
LN0851,Aachen,Hamburg,509,7.8,42.3,1.29
LN0852,Karlsruhe,Chemnitz,701,9.5,62.0,0.93
LN0853,Gelsenkirchen,Wuppertal,497,7.9,47.8,1.3
LN0854,Monchengladbach,Lubeck,743,9.8,60.4,1.0
LN0855,Monchengladbach,Krefeld,470,6.5,44.4,1.06
LN0856,Hamburg,Berlin,730,9.6,59.8,1.14
LN0857,Mainz,Oberhausen,333,5.9,34.7,1.22
LN0858,Braunschweig,Wuppertal,218,3.3,13.3,1.29
LN0859,Chemnitz,Hamburg,746,10.1,65.5,1.26
LN0860,Kiel,Halle,605,8.6,46.1,1.11
LN0861,Kassel,Kiel,276,4.0,19.5,0.98
LN0862,Aachen,Munster,431,6.6,36.8,0.92
LN0863,Leipzig,Bochum,514,8.0,36.9,1.15
LN0864,Hamburg,Braunschweig,681,10.0,50.4,1.17
LN0865,Essen,Berlin,223,4.6,19.8,1.21
LN0866,Munster,Dusseldorf,202,4.0,22.6,1.21
LN0867,Mainz,Monchengladbach,717,10.4,60.0,1.18
LN0868,Mainz,Rostock,657,9.5,57.3,0.9
LN0869,Mannheim,Hamburg,264,4.4,22.4,1.15
LN0870,Cologne,Mainz,540,7.4,48.8,1.25
LN0871,Aachen,Frankfurt,564,8.9,54.8,1.23
LN0872,Bielefeld,Munich,719,10.2,59.2,0.96
LN0873,Halle,Dortmund,528,8.2,40.1,1.17
LN0874,Mannheim,Bochum,423,6.7,36.4,1.11
LN0875,Nuremberg,Hanover,102,1.9,17.2,1.17
LN0876,Frankfurt,Erfurt,121,3.4,9.8,0.94
LN0877,Freiburg,Erfurt,240,4.0,20.7,1.08
LN0878,Hanover,Dresden,478,6.7,38.8,1.23
LN0879,Bielefeld,Dusseldorf,379,6.4,37.2,0.96
LN0880,Monchengladbach,Chemnitz,163,3.7,22.0,0.92
LN0881,Kassel,Bielefeld,569,8.9,46.8,1.17
LN0882,Karlsruhe,Kiel,457,6.3,38.1,1.11
LN0883,Chemnitz,Essen,428,6.2,42.3,0.98
LN0884,Munich,Stuttgart,584,9.2,52.7,1.17
LN0885,Essen,Braunschweig,627,8.6,50.3,1.2
LN0886,Braunschweig,Halle,609,8.8,56.6,1.16
LN0887,Bremen,Duisburg,720,9.9,53.1,0.9
LN0888,Munster,Lubeck,795,11.6,63.6,1.12
LN0889,Dresden,Karlsruhe,318,5.7,23.9,1.17
LN0890,Bielefeld,Cologne,720,9.6,55.5,0.93
LN0891,Bonn,Aachen,635,9.5,53.3,1.13
LN0892,Munich,Karlsruhe,272,4.1,22.4,0.95
LN0893,Essen,Stuttgart,446,7.0,44.2,1.24
LN0894,Dortmund,Kiel,471,7.7,43.2,1.18
LN0895,Oberhausen,Frankfurt,277,4.3,25.9,0.98
LN0896,Mannheim,Erfurt,181,3.6,12.1,1.12
LN0897,Bonn,Kiel,501,8.2,46.2,1.27
LN0898,Krefeld,Bochum,468,6.6,47.2,0.91
LN0899,Frankfurt,Mainz,772,10.7,63.0,1.23
LN0900,Wiesbaden,Krefeld,229,4.2,14.2,1.14
LN0901,Augsburg,Dortmund,731,10.1,61.2,1.19
LN0902,Leipzig,Braunschweig,510,7.9,46.7,1.12
LN0903,Gelsenkirchen,Aachen,619,8.3,58.5,1.12
LN0904,Magdeburg,Freiburg,525,7.3,46.2,1.21
LN0905,Krefeld,Munich,612,8.6,54.9,1.12
LN0906,Wuppertal,Dortmund,596,9.3,49.3,1.3
LN0907,Hamburg,Wiesbaden,170,2.7,18.0,1.21
LN0908,Dortmund,Gelsenkirchen,253,4.6,29.9,1.22
LN0909,Kiel,Leipzig,598,9.4,51.1,1.09
LN0910,Bochum,Lubeck,159,2.9,21.7,1.07
LN0911,Monchengladbach,Bochum,788,11.6,69.1,1.01
LN0912,Aachen,Oberhausen,486,6.8,47.9,1.03
LN0913,Munich,Essen,136,3.6,5.9,1.03
LN0914,Hamburg,Rostock,446,6.8,33.3,1.15
LN0915,Dortmund,Dusseldorf,189,4.0,24.7,1.2
LN0916,Bonn,Duisburg,183,3.5,24.5,1.14
LN0917,Krefeld,Wuppertal,384,6.2,32.7,0.93
LN0918,Wiesbaden,Hamburg,447,7.0,39.1,1.03
LN0919,Monchengladbach,Leipzig,761,10.3,70.0,1.06
LN0920,Freiburg,Kiel,116,2.8,13.1,1.03
LN0921,Aachen,Bonn,333,4.8,25.7,0.93
LN0922,Aachen,Munich,755,11.1,57.2,1.24
LN0923,Berlin,Lubeck,568,8.3,54.6,1.09
LN0924,Hanover,Augsburg,665,9.1,57.4,1.13
LN0925,Bremen,Monchengladbach,492,8.1,36.7,0.92
LN0926,Leipzig,Bonn,792,11.9,68.9,0.97
LN0927,Krefeld,Dortmund,798,11.7,72.7,1.08
LN0928,Karlsruhe,Magdeburg,591,8.5,50.4,1.16
LN0929,Bochum,Cologne,622,8.9,51.1,1.18
LN0930,Wuppertal,Chemnitz,362,5.5,34.3,1.03
LN0931,Rostock,Nuremberg,183,3.6,22.0,1.21
LN0932,Leipzig,Mainz,229,4.6,25.2,1.14
LN0933,Munich,Dortmund,382,6.5,27.8,1.08
LN0934,Hamburg,Leipzig,758,11.0,66.5,0.92
LN0935,Wiesbaden,Aachen,699,10.4,54.6,1.19
LN0936,Karlsruhe,Frankfurt,717,10.1,62.2,1.13
LN0937,Bochum,Rostock,586,8.9,53.4,1.12
LN0938,Dresden,Dortmund,491,6.8,38.0,1.01
LN0939,Cologne,Leipzig,130,2.3,11.3,1.14
LN0940,Bonn,Berlin,168,3.6,15.9,1.2
LN0941,Hanover,Munich,213,3.8,14.5,1.22
LN0942,Lubeck,Duisburg,776,10.2,68.1,1.16
LN0943,Wiesbaden,Wuppertal,385,5.5,33.0,1.03
LN0944,Aachen,Mannheim,619,8.7,58.3,1.26
LN0945,Braunschweig,Leipzig,345,6.1,27.7,1.17
LN0946,Dortmund,Freiburg,596,8.4,44.8,1.29
LN0947,Monchengladbach,Munster,755,10.0,57.5,1.04
LN0948,Krefeld,Dusseldorf,343,6.0,26.9,1.0
LN0949,Stuttgart,Chemnitz,577,9.2,50.0,1.0
LN0950,Halle,Chemnitz,690,9.5,60.5,1.27
LN0951,Freiburg,Oberhausen,272,3.9,18.8,0.97
LN0952,Duisburg,Dusseldorf,618,8.8,49.0,1.02
LN0953,Munster,Karlsruhe,757,10.1,56.1,1.02
LN0954,Bochum,Mainz,693,9.5,52.4,1.23
LN0955,Wuppertal,Karlsruhe,610,8.7,45.3,1.01
LN0956,Hanover,Chemnitz,227,4.5,25.2,0.92
LN0957,Braunschweig,Oberhausen,795,11.5,73.1,0.93
LN0958,Munster,Frankfurt,656,9.9,57.0,1.2
LN0959,Essen,Mannheim,219,3.9,20.9,1.14
LN0960,Bochum,Gelsenkirchen,288,4.3,19.0,1.02
LN0961,Oberhausen,Wiesbaden,245,4.7,22.6,0.99
LN0962,Munster,Freiburg,508,7.9,46.6,1.08
LN0963,Erfurt,Stuttgart,315,5.8,25.8,1.07
LN0964,Bielefeld,Monchengladbach,334,5.8,26.6,1.05
LN0965,Bielefeld,Duisburg,566,8.7,46.1,1.0
LN0966,Wiesbaden,Kiel,160,2.7,15.3,0.94
LN0967,Rostock,Hanover,667,9.9,60.5,1.22
LN0968,Augsburg,Bochum,623,9.6,55.3,0.92
LN0969,Munich,Mainz,301,4.3,22.4,1.02
LN0970,Mainz,Kassel,467,7.2,43.7,1.03
LN0971,Mainz,Magdeburg,749,11.1,66.0,1.12
LN0972,Halle,Dusseldorf,102,2.6,12.2,0.9
LN0973,Kiel,Dortmund,261,4.4,25.5,1.17
LN0974,Kassel,Mannheim,552,8.0,42.7,1.16
LN0975,Mannheim,Stuttgart,510,7.9,44.2,1.14
LN0976,Braunschweig,Gelsenkirchen,587,7.9,47.3,1.25
LN0977,Berlin,Bielefeld,260,4.4,19.9,1.1
LN0978,Bielefeld,Krefeld,439,6.2,40.0,1.03
LN0979,Lubeck,Frankfurt,671,9.9,63.1,1.17
LN0980,Essen,Chemnitz,665,8.9,53.4,1.2
LN0981,Gelsenkirchen,Braunschweig,445,7.2,44.3,1.17
LN0982,Mannheim,Munich,104,2.8,15.3,0.95
LN0983,Wiesbaden,Munster,588,9.0,48.6,0.9
LN0984,Bonn,Cologne,117,2.0,10.8,0.93
LN0985,Kiel,Frankfurt,566,8.9,55.2,1.17
LN0986,Duisburg,Oberhausen,298,5.1,27.7,0.96
LN0987,Bochum,Frankfurt,672,9.6,61.4,1.25
LN0988,Augsburg,Nuremberg,364,5.5,24.6,1.12
LN0989,Bremen,Bielefeld,130,2.8,8.3,0.94
LN0990,Braunschweig,Dortmund,139,3.2,11.7,1.21
LN0991,Augsburg,Leipzig,513,8.2,46.1,0.96
LN0992,Freiburg,Hamburg,653,9.5,60.0,1.12
LN0993,Hanover,Kiel,145,2.9,6.9,1.01
LN0994,Halle,Dresden,375,5.2,25.8,0.98
LN0995,Berlin,Cologne,690,10.1,53.9,1.03
LN0996,Oberhausen,Nuremberg,246,4.6,15.1,0.94
LN0997,Karlsruhe,Lubeck,132,2.3,12.7,0.98
LN0998,Augsburg,Magdeburg,654,9.8,58.3,0.9
LN0999,Cologne,Kassel,105,2.6,9.9,0.98
LN1000,Wuppertal,Frankfurt,221,3.4,14.3,1.18
LN1001,Halle,Krefeld,670,9.2,60.6,1.24
LN1002,Essen,Frankfurt,791,11.7,64.3,1.18
LN1003,Aachen,Rostock,353,5.3,32.3,1.04
LN1004,Nuremberg,Magdeburg,291,4.5,27.2,1.22
LN1005,Erfurt,Halle,146,3.3,16.4,1.07
LN1006,Wiesbaden,Dresden,789,11.2,73.1,1.24
LN1007,Wiesbaden,Lubeck,158,2.9,13.3,0.92
LN1008,Bochum,Braunschweig,244,5.0,18.0,1.24
LN1009,Lubeck,Oberhausen,431,6.7,35.1,1.09
LN1010,Mannheim,Kiel,589,8.3,50.5,1.19
LN1011,Wiesbaden,Berlin,385,5.8,35.4,1.2
LN1012,Hamburg,Chemnitz,596,8.1,54.4,0.98
LN1013,Braunschweig,Magdeburg,222,4.1,19.2,1.14
LN1014,Dortmund,Rostock,262,4.6,20.0,1.08
LN1015,Dusseldorf,Bremen,743,10.1,62.0,1.03
LN1016,Duisburg,Chemnitz,332,5.2,33.9,0.91
LN1017,Wiesbaden,Frankfurt,205,4.4,20.4,1.2
LN1018,Hanover,Mannheim,328,4.9,30.5,1.12
LN1019,Munich,Bochum,770,11.0,60.7,1.07
LN1020,Bremen,Dusseldorf,676,10.1,58.7,1.3
LN1021,Mainz,Nuremberg,331,5.4,24.1,0.97
LN1022,Bremen,Oberhausen,519,7.2,40.4,1.09
LN1023,Essen,Krefeld,786,10.6,67.6,0.91
LN1024,Monchengladbach,Gelsenkirchen,688,9.1,60.1,1.2
LN1025,Hanover,Erfurt,710,9.7,53.7,0.93
LN1026,Leipzig,Augsburg,302,4.4,29.2,0.91
LN1027,Stuttgart,Wiesbaden,585,8.0,42.0,1.23
LN1028,Duisburg,Leipzig,122,3.3,12.4,1.02
LN1029,Mainz,Wuppertal,766,11.4,62.9,1.07
LN1030,Wuppertal,Cologne,194,3.0,16.6,0.93
LN1031,Kiel,Krefeld,505,8.2,38.2,1.12
LN1032,Bonn,Dusseldorf,132,3.6,14.8,0.94
LN1033,Dusseldorf,Karlsruhe,162,3.6,11.7,1.22
LN1034,Erfurt,Gelsenkirchen,310,4.8,23.4,1.04
LN1035,Frankfurt,Bremen,419,5.7,43.2,0.93
LN1036,Mainz,Bremen,702,10.5,60.6,1.0
LN1037,Bochum,Duisburg,108,2.4,6.1,0.92
LN1038,Stuttgart,Duisburg,609,9.5,45.2,1.27
LN1039,Oberhausen,Halle,770,11.4,59.5,0.96
LN1040,Munster,Erfurt,496,7.2,42.5,1.0
LN1041,Magdeburg,Monchengladbach,218,4.7,23.7,1.01
LN1042,Monchengladbach,Hanover,553,8.5,49.4,0.92
LN1043,Mainz,Duisburg,131,2.2,5.8,1.07
LN1044,Rostock,Berlin,715,10.1,66.1,0.97
LN1045,Duisburg,Munich,255,4.7,21.8,1.19
LN1046,Kassel,Bonn,265,4.4,20.5,0.9
LN1047,Kassel,Dresden,184,3.6,17.4,1.12
LN1048,Dusseldorf,Bochum,354,6.3,28.1,1.15
LN1049,Bonn,Dortmund,706,10.6,63.0,1.2
LN1050,Bremen,Aachen,177,2.9,13.7,1.1
LN1051,Kassel,Wuppertal,659,9.9,50.3,0.94
LN1052,Dresden,Rostock,528,8.3,48.1,1.08
LN1053,Chemnitz,Dresden,345,5.2,29.5,0.93
LN1054,Kassel,Hanover,364,6.2,38.8,1.23
LN1055,Stuttgart,Cologne,564,7.6,50.2,1.03
LN1056,Stuttgart,Bielefeld,606,8.8,57.7,1.13
LN1057,Hamburg,Hanover,192,3.2,14.3,1.26
LN1058,Oberhausen,Kiel,330,5.6,28.8,0.97
LN1059,Hamburg,Mannheim,470,7.9,40.6,1.0
LN1060,Dortmund,Bonn,201,3.4,19.3,1.09
LN1061,Braunschweig,Karlsruhe,626,8.9,53.3,1.24
LN1062,Stuttgart,Hamburg,499,7.0,49.4,0.92
LN1063,Essen,Halle,327,5.4,29.2,1.11
LN1064,Erfurt,Lubeck,553,7.9,46.1,1.22
LN1065,Essen,Bochum,656,9.1,49.5,1.22
LN1066,Bochum,Dortmund,535,8.5,44.9,1.04
LN1067,Wiesbaden,Halle,243,4.9,27.4,0.91
LN1068,Braunschweig,Wiesbaden,598,8.4,44.9,0.93
LN1069,Kiel,Gelsenkirchen,743,10.3,57.3,0.95
LN1070,Hanover,Mainz,494,6.9,35.2,0.92
LN1071,Leipzig,Berlin,275,4.5,32.0,1.26
LN1072,Essen,Leipzig,535,7.6,44.5,1.03
LN1073,Wiesbaden,Oberhausen,130,3.4,11.3,1.13
LN1074,Dusseldorf,Kassel,191,3.7,18.1,1.17
LN1075,Munich,Cologne,626,8.4,59.8,0.97
LN1076,Karlsruhe,Berlin,456,6.9,32.7,1.13
LN1077,Nuremberg,Chemnitz,638,9.6,48.6,0.98
LN1078,Mannheim,Rostock,684,9.3,53.7,1.17
LN1079,Hamburg,Augsburg,535,8.4,50.7,0.97
LN1080,Stuttgart,Lubeck,101,3.2,11.3,1.0
LN1081,Lubeck,Bochum,108,2.1,9.4,1.2
LN1082,Rostock,Hamburg,265,4.7,28.6,1.24
LN1083,Cologne,Dresden,321,5.4,35.0,1.28
LN1084,Karlsruhe,Nuremberg,700,10.0,57.0,1.2
LN1085,Bremen,Berlin,292,5.6,27.5,1.28
LN1086,Dortmund,Augsburg,314,5.6,29.0,1.03
LN1087,Bonn,Erfurt,332,6.0,34.2,1.01
LN1088,Dortmund,Kassel,143,2.5,10.4,1.19
LN1089,Kassel,Dusseldorf,167,4.0,9.2,1.22
LN1090,Rostock,Karlsruhe,543,8.0,48.0,1.15
LN1091,Krefeld,Duisburg,171,2.9,19.9,1.03
LN1092,Erfurt,Freiburg,514,8.2,48.8,1.22
LN1093,Leipzig,Lubeck,782,10.3,70.5,1.24
LN1094,Leipzig,Krefeld,215,4.6,18.8,1.21
LN1095,Hamburg,Mainz,662,10.0,60.3,1.13
LN1096,Frankfurt,Leipzig,329,5.2,27.8,1.07
LN1097,Bremen,Erfurt,601,8.9,54.1,1.0
LN1098,Essen,Bonn,164,3.5,20.4,1.12
LN1099,Mainz,Freiburg,106,2.1,18.3,1.0
LN1100,Freiburg,Frankfurt,183,3.5,18.5,1.16
LN1101,Frankfurt,Stuttgart,498,6.8,46.3,1.08
LN1102,Bremen,Augsburg,576,7.9,55.3,1.01
LN1103,Augsburg,Hanover,252,4.1,16.1,1.19
LN1104,Freiburg,Dresden,747,10.5,62.7,1.21
LN1105,Wiesbaden,Mainz,774,10.7,61.8,1.08
LN1106,Bochum,Bremen,581,8.2,42.0,1.24
LN1107,Berlin,Krefeld,661,10.2,59.6,1.21
LN1108,Munich,Rostock,246,4.0,17.1,1.16
LN1109,Frankfurt,Freiburg,134,3.3,8.9,1.14
LN1110,Frankfurt,Gelsenkirchen,323,4.7,35.3,1.2
LN1111,Oberhausen,Cologne,281,4.1,20.4,1.25
LN1112,Hanover,Bremen,366,6.0,34.6,1.05
LN1113,Lubeck,Mainz,601,8.8,52.2,1.11
LN1114,Aachen,Magdeburg,758,10.3,68.8,1.01
LN1115,Dusseldorf,Wiesbaden,483,7.8,45.4,1.05
LN1116,Bielefeld,Erfurt,119,2.3,14.7,1.16
LN1117,Munich,Bonn,461,6.8,35.8,1.29
LN1118,Oberhausen,Dortmund,546,8.7,50.9,1.14
LN1119,Dusseldorf,Aachen,231,4.1,27.1,1.12
LN1120,Halle,Kiel,688,10.4,58.8,1.0
