shipment_id,origin,destination,weight_kg,volume_m3,priority,deadline,value_eur
SH0001,Braunschweig,Mannheim,592,4.1,5,2026-01-17T00:00:00,6246
SH0002,Braunschweig,Hamburg,852,1.7,2,2026-01-28T00:00:00,5728
SH0003,Mannheim,Chemnitz,341,4.2,1,2026-01-22T00:00:00,7939
SH0004,Kassel,Magdeburg,413,1.0,3,2026-01-19T00:00:00,3695
SH0005,Berlin,Monchengladbach,976,3.5,5,2026-01-25T00:00:00,9817
SH0006,Lubeck,Stuttgart,843,2.4,5,2026-01-16T00:00:00,7933
SH0007,Munster,Dresden,424,3.3,4,2026-01-19T00:00:00,2763
SH0008,Halle,Mannheim,301,2.7,4,2026-01-26T00:00:00,8722
SH0009,Kiel,Munster,508,3.6,5,2026-01-20T00:00:00,7356
SH0010,Chemnitz,Dortmund,569,1.6,2,2026-01-22T00:00:00,7493
SH0011,Leipzig,Bremen,496,3.6,2,2026-01-28T00:00:00,6414
SH0012,Wiesbaden,Stuttgart,624,3.4,4,2026-01-18T00:00:00,1771
SH0013,Berlin,Hamburg,692,1.4,3,2026-01-18T00:00:00,8100
SH0014,Kiel,Wiesbaden,394,1.5,4,2026-01-21T00:00:00,9003
SH0015,Dresden,Gelsenkirchen,960,3.4,4,2026-01-18T00:00:00,4854
SH0016,Wuppertal,Berlin,852,4.2,4,2026-01-18T00:00:00,2255
SH0017,Krefeld,Kiel,901,3.2,4,2026-01-24T00:00:00,3948
SH0018,Mannheim,Cologne,602,2.2,2,2026-01-26T00:00:00,7999
SH0019,Leipzig,Duisburg,711,3.9,5,2026-01-23T00:00:00,4276
SH0020,Freiburg,Augsburg,568,1.1,1,2026-01-22T00:00:00,2891
SH0021,Bielefeld,Bremen,655,1.9,5,2026-01-21T00:00:00,2731
SH0022,Hanover,Oberhausen,864,2.4,4,2026-01-20T00:00:00,5982
SH0023,Dresden,Lubeck,181,4.1,5,2026-01-16T00:00:00,8395
SH0024,Lubeck,Dusseldorf,185,3.4,1,2026-01-21T00:00:00,4595
SH0025,Duisburg,Lubeck,986,1.3,4,2026-01-27T00:00:00,8377
SH0026,Cologne,Dusseldorf,583,3.8,3,2026-01-28T00:00:00,2962
SH0027,Nuremberg,Lubeck,696,4.6,4,2026-01-17T00:00:00,9157
SH0028,Hanover,Wuppertal,307,3.6,3,2026-01-17T00:00:00,2438
SH0029,Karlsruhe,Bremen,251,2.4,1,2026-01-22T00:00:00,6410
SH0030,Chemnitz,Mainz,836,2.6,5,2026-01-17T00:00:00,9340
SH0031,Oberhausen,Magdeburg,127,4.0,2,2026-01-29T00:00:00,2899
SH0032,Karlsruhe,Mainz,950,1.2,1,2026-01-16T00:00:00,9809
SH0033,Munster,Essen,736,4.9,5,2026-01-19T00:00:00,6267
SH0034,Mainz,Stuttgart,989,4.4,3,2026-01-26T00:00:00,8931
SH0035,Wiesbaden,Augsburg,233,1.5,3,2026-01-28T00:00:00,4588
SH0036,Bielefeld,Essen,318,3.6,1,2026-01-18T00:00:00,8953
SH0037,Bremen,Wiesbaden,891,4.5,1,2026-01-23T00:00:00,6484
SH0038,Freiburg,Duisburg,885,3.7,3,2026-01-19T00:00:00,3925
SH0039,Aachen,Chemnitz,818,2.8,5,2026-01-29T00:00:00,5486
SH0040,Rostock,Bremen,363,3.7,5,2026-01-28T00:00:00,9668
SH0041,Wuppertal,Dresden,833,4.6,1,2026-01-19T00:00:00,9299
SH0042,Munster,Bonn,863,1.5,5,2026-01-19T00:00:00,2176
SH0043,Munster,Rostock,182,2.2,5,2026-01-22T00:00:00,5575
SH0044,Erfurt,Karlsruhe,213,4.2,5,2026-01-28T00:00:00,1159
SH0045,Erfurt,Augsburg,228,1.6,2,2026-01-25T00:00:00,2402
SH0046,Mannheim,Duisburg,640,3.7,5,2026-01-19T00:00:00,2140
SH0047,Nuremberg,Essen,783,0.5,1,2026-01-23T00:00:00,8364
SH0048,Erfurt,Dortmund,499,3.4,1,2026-01-16T00:00:00,4319
SH0049,Gelsenkirchen,Nuremberg,409,1.8,4,2026-01-16T00:00:00,7256
SH0050,Wuppertal,Erfurt,885,2.6,1,2026-01-22T00:00:00,1492
SH0051,Karlsruhe,Essen,393,4.0,4,2026-01-20T00:00:00,8351
SH0052,Cologne,Aachen,636,1.9,3,2026-01-21T00:00:00,6594
SH0053,Berlin,Dresden,877,1.0,4,2026-01-16T00:00:00,1107
SH0054,Halle,Wiesbaden,850,4.6,3,2026-01-26T00:00:00,8081
SH0055,Erfurt,Mainz,542,2.4,1,2026-01-24T00:00:00,8201
SH0056,Hanover,Bonn,967,1.2,3,2026-01-21T00:00:00,8650
SH0057,Gelsenkirchen,Dresden,770,4.3,5,2026-01-21T00:00:00,5041
SH0058,Dresden,Oberhausen,340,3.0,4,2026-01-21T00:00:00,8308
SH0059,Freiburg,Stuttgart,578,4.4,4,2026-01-22T00:00:00,2226
SH0060,Cologne,Monchengladbach,489,4.0,4,2026-01-18T00:00:00,1776
SH0061,Hanover,Hamburg,932,2.8,1,2026-01-19T00:00:00,1589
SH0062,Wuppertal,Munich,477,3.2,5,2026-01-16T00:00:00,6951
SH0063,Braunschweig,Bonn,540,3.7,5,2026-01-22T00:00:00,2617
SH0064,Stuttgart,Dortmund,980,4.5,1,2026-01-27T00:00:00,3212
SH0065,Hamburg,Monchengladbach,258,1.5,4,2026-01-26T00:00:00,3283
SH0066,Wiesbaden,Braunschweig,478,2.6,5,2026-01-26T00:00:00,1705
SH0067,Kiel,Munich,972,1.0,5,2026-01-27T00:00:00,6546
SH0068,Chemnitz,Frankfurt,561,2.3,2,2026-01-26T00:00:00,3663
SH0069,Nuremberg,Freiburg,861,4.1,1,2026-01-25T00:00:00,1257
SH0070,Erfurt,Oberhausen,369,2.7,4,2026-01-16T00:00:00,3404
SH0071,Munster,Rostock,573,2.5,2,2026-01-17T00:00:00,7364
SH0072,Chemnitz,Berlin,698,4.8,4,2026-01-25T00:00:00,7427
SH0073,Frankfurt,Munster,133,1.1,5,2026-01-16T00:00:00,8018
SH0074,Monchengladbach,Duisburg,684,2.6,1,2026-01-24T00:00:00,8882
SH0075,Bochum,Oberhausen,857,1.1,4,2026-01-17T00:00:00,2124
SH0076,Dortmund,Berlin,268,1.0,4,2026-01-27T00:00:00,4484
SH0077,Frankfurt,Monchengladbach,391,1.0,5,2026-01-29T00:00:00,5568
SH0078,Wuppertal,Kiel,736,0.5,2,2026-01-23T00:00:00,4531
SH0079,Magdeburg,Nuremberg,626,2.1,2,2026-01-19T00:00:00,3629
SH0080,Mannheim,Hanover,942,3.8,5,2026-01-23T00:00:00,5342
SH0081,Berlin,Oberhausen,825,1.6,1,2026-01-27T00:00:00,2424
SH0082,Stuttgart,Wuppertal,506,3.3,4,2026-01-22T00:00:00,2876
SH0083,Halle,Gelsenkirchen,445,3.3,5,2026-01-20T00:00:00,3174
SH0084,Chemnitz,Magdeburg,962,4.7,5,2026-01-16T00:00:00,4931
SH0085,Mannheim,Wiesbaden,578,1.6,1,2026-01-29T00:00:00,3922
SH0086,Lubeck,Rostock,547,5.0,4,2026-01-18T00:00:00,8447
SH0087,Munster,Wiesbaden,222,1.2,4,2026-01-18T00:00:00,2126
SH0088,Essen,Cologne,780,2.5,5,2026-01-26T00:00:00,8525
SH0089,Berlin,Duisburg,760,1.6,4,2026-01-17T00:00:00,6938
SH0090,Gelsenkirchen,Munster,931,2.8,3,2026-01-27T00:00:00,9973
SH0091,Dortmund,Dresden,106,2.2,5,2026-01-16T00:00:00,3156
SH0092,Chemnitz,Hanover,556,4.3,3,2026-01-19T00:00:00,6429
SH0093,Essen,Oberhausen,530,2.3,5,2026-01-28T00:00:00,9660
SH0094,Halle,Munich,448,3.2,1,2026-01-23T00:00:00,8477
SH0095,Chemnitz,Freiburg,132,4.9,1,2026-01-25T00:00:00,2144
SH0096,Magdeburg,Munich,436,1.8,1,2026-01-18T00:00:00,7950
SH0097,Leipzig,Dresden,723,3.3,4,2026-01-25T00:00:00,8068
SH0098,Oberhausen,Chemnitz,605,1.9,3,2026-01-22T00:00:00,3194
SH0099,Leipzig,Munich,125,4.8,5,2026-01-25T00:00:00,4954
SH0100,Chemnitz,Oberhausen,332,3.1,5,2026-01-25T00:00:00,4276
SH0101,Krefeld,Wiesbaden,457,3.9,4,2026-01-28T00:00:00,2800
SH0102,Augsburg,Freiburg,482,2.4,4,2026-01-20T00:00:00,3216
SH0103,Krefeld,Frankfurt,134,2.7,5,2026-01-18T00:00:00,9999
SH0104,Frankfurt,Monchengladbach,263,4.7,1,2026-01-24T00:00:00,4078
SH0105,Hamburg,Nuremberg,465,2.7,5,2026-01-19T00:00:00,6588
SH0106,Aachen,Mainz,950,4.0,1,2026-01-22T00:00:00,9642
SH0107,Erfurt,Augsburg,636,3.7,1,2026-01-25T00:00:00,8033
SH0108,Nuremberg,Munster,776,2.6,1,2026-01-26T00:00:00,4480
SH0109,Kiel,Karlsruhe,966,3.9,1,2026-01-17T00:00:00,1132
SH0110,Bochum,Munich,768,1.5,1,2026-01-19T00:00:00,5344
SH0111,Rostock,Aachen,698,1.6,5,2026-01-21T00:00:00,9803
SH0112,Chemnitz,Monchengladbach,306,2.7,5,2026-01-19T00:00:00,6331
SH0113,Kiel,Magdeburg,808,2.0,2,2026-01-21T00:00:00,1465
SH0114,Berlin,Wuppertal,814,4.0,4,2026-01-27T00:00:00,7995
SH0115,Munster,Gelsenkirchen,248,2.3,5,2026-01-28T00:00:00,5586
SH0116,Bonn,Dresden,807,1.1,5,2026-01-21T00:00:00,7487
SH0117,Mainz,Karlsruhe,214,2.7,2,2026-01-27T00:00:00,1135
SH0118,Munich,Gelsenkirchen,789,0.6,3,2026-01-26T00:00:00,9915
SH0119,Munster,Wuppertal,896,2.9,4,2026-01-17T00:00:00,8144
SH0120,Kiel,Nuremberg,797,1.2,2,2026-01-28T00:00:00,8280
SH0121,Kassel,Monchengladbach,847,2.4,2,2026-01-24T00:00:00,7284
SH0122,Kiel,Wiesbaden,174,2.6,4,2026-01-17T00:00:00,6767
SH0123,Leipzig,Cologne,519,4.6,4,2026-01-29T00:00:00,2545
SH0124,Magdeburg,Munich,628,2.4,2,2026-01-27T00:00:00,9194
SH0125,Gelsenkirchen,Essen,261,2.4,4,2026-01-28T00:00:00,4130
SH0126,Karlsruhe,Rostock,586,2.3,1,2026-01-20T00:00:00,5499
SH0127,Bremen,Dresden,761,4.1,5,2026-01-29T00:00:00,7923
SH0128,Chemnitz,Monchengladbach,922,3.5,1,2026-01-21T00:00:00,6441
SH0129,Berlin,Bonn,667,2.8,4,2026-01-28T00:00:00,2368
SH0130,Monchengladbach,Hamburg,666,2.4,2,2026-01-20T00:00:00,6779
SH0131,Chemnitz,Kassel,217,4.3,1,2026-01-25T00:00:00,2399
SH0132,Karlsruhe,Dusseldorf,677,3.9,4,2026-01-23T00:00:00,1275
SH0133,Frankfurt,Bielefeld,127,4.8,3,2026-01-25T00:00:00,7717
SH0134,Karlsruhe,Cologne,649,2.0,3,2026-01-24T00:00:00,8904
SH0135,Rostock,Wiesbaden,379,4.4,1,2026-01-29T00:00:00,6251
SH0136,Stuttgart,Bremen,589,2.2,4,2026-01-28T00:00:00,1819
SH0137,Wiesbaden,Karlsruhe,188,4.2,3,2026-01-28T00:00:00,6266
SH0138,Rostock,Dusseldorf,788,1.6,3,2026-01-17T00:00:00,9341
SH0139,Munster,Bremen,687,4.2,5,2026-01-20T00:00:00,2645
SH0140,Magdeburg,Mannheim,675,1.1,1,2026-01-28T00:00:00,9274
SH0141,Essen,Dusseldorf,495,1.5,5,2026-01-27T00:00:00,2024
SH0142,Cologne,Bonn,912,0.7,2,2026-01-19T00:00:00,2121
SH0143,Cologne,Wiesbaden,632,4.6,2,2026-01-24T00:00:00,9452
SH0144,Dortmund,Frankfurt,739,4.5,2,2026-01-16T00:00:00,3246
SH0145,Wiesbaden,Rostock,129,0.5,4,2026-01-23T00:00:00,8739
SH0146,Rostock,Kassel,452,2.3,4,2026-01-26T00:00:00,3810
SH0147,Hamburg,Wuppertal,397,3.2,4,2026-01-16T00:00:00,8439
SH0148,Leipzig,Dortmund,916,2.9,4,2026-01-29T00:00:00,4311
SH0149,Nuremberg,Hamburg,632,4.8,5,2026-01-27T00:00:00,4190
SH0150,Stuttgart,Essen,809,1.4,2,2026-01-17T00:00:00,7351
SH0151,Mainz,Frankfurt,358,3.6,1,2026-01-27T00:00:00,9473
SH0152,Braunschweig,Rostock,227,1.9,4,2026-01-21T00:00:00,2094
SH0153,Dortmund,Monchengladbach,429,1.7,1,2026-01-26T00:00:00,3834
SH0154,Duisburg,Aachen,148,4.1,4,2026-01-26T00:00:00,5590
SH0155,Bielefeld,Braunschweig,450,4.2,4,2026-01-27T00:00:00,5480
SH0156,Hamburg,Bonn,906,1.1,2,2026-01-18T00:00:00,4001
SH0157,Hamburg,Gelsenkirchen,745,4.5,3,2026-01-21T00:00:00,6679
SH0158,Cologne,Gelsenkirchen,276,0.7,4,2026-01-16T00:00:00,7758
SH0159,Lubeck,Dusseldorf,655,0.8,4,2026-01-19T00:00:00,1604
SH0160,Krefeld,Cologne,891,1.1,2,2026-01-27T00:00:00,4672
SH0161,Leipzig,Duisburg,719,2.0,3,2026-01-16T00:00:00,2483
SH0162,Kiel,Rostock,205,4.3,2,2026-01-19T00:00:00,5241
SH0163,Hamburg,Krefeld,775,4.5,2,2026-01-20T00:00:00,7931
SH0164,Wuppertal,Bonn,936,1.9,4,2026-01-22T00:00:00,4530
SH0165,Dusseldorf,Freiburg,362,3.9,1,2026-01-28T00:00:00,2249
SH0166,Munich,Augsburg,398,1.6,4,2026-01-16T00:00:00,1537
SH0167,Kiel,Bochum,457,3.3,3,2026-01-24T00:00:00,4662
SH0168,Hamburg,Cologne,116,3.9,3,2026-01-25T00:00:00,2500
SH0169,Bielefeld,Hamburg,369,4.7,1,2026-01-29T00:00:00,2966
SH0170,Hanover,Wiesbaden,711,1.9,3,2026-01-22T00:00:00,4559
SH0171,Mannheim,Halle,550,3.4,2,2026-01-16T00:00:00,6977
SH0172,Dortmund,Mannheim,322,1.3,4,2026-01-18T00:00:00,9373
SH0173,Aachen,Duisburg,842,2.1,3,2026-01-28T00:00:00,5993
SH0174,Dusseldorf,Bielefeld,858,3.5,4,2026-01-25T00:00:00,8480
SH0175,Leipzig,Duisburg,987,1.6,3,2026-01-18T00:00:00,5070
SH0176,Aachen,Kassel,705,1.0,2,2026-01-29T00:00:00,1635
SH0177,Essen,Hamburg,566,0.8,1,2026-01-21T00:00:00,1428
SH0178,Bonn,Wiesbaden,575,4.6,2,2026-01-20T00:00:00,6301
SH0179,Erfurt,Leipzig,147,2.3,3,2026-01-25T00:00:00,4798
SH0180,Nuremberg,Bielefeld,835,1.9,5,2026-01-20T00:00:00,3960
SH0181,Freiburg,Kassel,322,1.5,1,2026-01-27T00:00:00,9293
SH0182,Freiburg,Gelsenkirchen,755,2.8,4,2026-01-20T00:00:00,6292
SH0183,Krefeld,Braunschweig,422,1.7,4,2026-01-22T00:00:00,5860
SH0184,Dortmund,Hamburg,179,2.3,1,2026-01-26T00:00:00,9444
SH0185,Munster,Stuttgart,856,1.1,5,2026-01-24T00:00:00,4339
SH0186,Gelsenkirchen,Frankfurt,685,4.3,4,2026-01-27T00:00:00,1829
SH0187,Karlsruhe,Wiesbaden,388,3.8,5,2026-01-26T00:00:00,1054
SH0188,Bremen,Bonn,402,0.7,5,2026-01-16T00:00:00,6721
SH0189,Lubeck,Bielefeld,191,4.6,1,2026-01-19T00:00:00,8850
SH0190,Wiesbaden,Essen,195,2.7,2,2026-01-17T00:00:00,7679
SH0191,Mannheim,Gelsenkirchen,169,0.8,4,2026-01-22T00:00:00,3261
SH0192,Munich,Hamburg,537,4.8,1,2026-01-20T00:00:00,8246
SH0193,Erfurt,Braunschweig,893,1.4,3,2026-01-28T00:00:00,4590
SH0194,Lubeck,Erfurt,934,0.8,1,2026-01-17T00:00:00,5380
SH0195,Krefeld,Braunschweig,370,1.5,2,2026-01-21T00:00:00,1805
SH0196,Augsburg,Chemnitz,770,3.5,1,2026-01-17T00:00:00,3895
SH0197,Munich,Magdeburg,317,3.8,4,2026-01-28T00:00:00,4101
SH0198,Dortmund,Frankfurt,546,3.1,5,2026-01-24T00:00:00,9533
SH0199,Halle,Gelsenkirchen,128,2.5,3,2026-01-23T00:00:00,4174
SH0200,Kiel,Mannheim,886,2.5,4,2026-01-16T00:00:00,6394
SH0201,Frankfurt,Krefeld,308,3.4,2,2026-01-28T00:00:00,5292
SH0202,Krefeld,Rostock,302,4.2,5,2026-01-25T00:00:00,4663
SH0203,Rostock,Freiburg,365,2.1,4,2026-01-17T00:00:00,1760
SH0204,Braunschweig,Bonn,252,2.2,4,2026-01-24T00:00:00,1410
SH0205,Leipzig,Freiburg,710,4.5,1,2026-01-19T00:00:00,3078
SH0206,Monchengladbach,Kiel,272,0.6,5,2026-01-26T00:00:00,9536
SH0207,Nuremberg,Monchengladbach,244,3.8,1,2026-01-26T00:00:00,1808
SH0208,Munster,Augsburg,730,1.6,1,2026-01-17T00:00:00,5994
SH0209,Krefeld,Stuttgart,440,1.9,2,2026-01-16T00:00:00,2599
SH0210,Cologne,Essen,484,4.9,3,2026-01-28T00:00:00,6487
SH0211,Lubeck,Augsburg,467,2.0,3,2026-01-17T00:00:00,9643
SH0212,Hamburg,Stuttgart,169,2.5,2,2026-01-27T00:00:00,1652
SH0213,Krefeld,Nuremberg,822,3.5,4,2026-01-16T00:00:00,5719
SH0214,Dresden,Wiesbaden,269,3.9,3,2026-01-19T00:00:00,5082
SH0215,Krefeld,Leipzig,661,4.7,5,2026-01-22T00:00:00,2068
SH0216,Frankfurt,Aachen,259,3.1,1,2026-01-19T00:00:00,9153
SH0217,Chemnitz,Aachen,328,2.5,2,2026-01-24T00:00:00,5889
SH0218,Bochum,Bielefeld,494,2.2,1,2026-01-27T00:00:00,1566
SH0219,Cologne,Munich,191,3.5,4,2026-01-17T00:00:00,8221
SH0220,Chemnitz,Dusseldorf,137,5.0,5,2026-01-28T00:00:00,6981
SH0221,Stuttgart,Berlin,538,4.1,5,2026-01-22T00:00:00,6579
SH0222,Chemnitz,Wiesbaden,428,1.2,2,2026-01-25T00:00:00,5499
SH0223,Erfurt,Bonn,142,2.5,2,2026-01-21T00:00:00,2158
SH0224,Monchengladbach,Braunschweig,176,2.7,4,2026-01-21T00:00:00,3837
SH0225,Rostock,Dusseldorf,541,4.3,5,2026-01-16T00:00:00,1575
SH0226,Monchengladbach,Augsburg,253,3.1,2,2026-01-16T00:00:00,2105
SH0227,Bremen,Hanover,731,2.7,4,2026-01-26T00:00:00,8338
SH0228,Gelsenkirchen,Bremen,804,3.6,1,2026-01-25T00:00:00,4129
SH0229,Halle,Oberhausen,316,4.8,3,2026-01-28T00:00:00,2209
SH0230,Freiburg,Bremen,520,2.5,3,2026-01-26T00:00:00,6339
SH0231,Duisburg,Bremen,688,3.3,2,2026-01-18T00:00:00,8235
SH0232,Duisburg,Essen,488,1.3,4,2026-01-24T00:00:00,5898
SH0233,Bremen,Krefeld,746,3.8,5,2026-01-25T00:00:00,4160
SH0234,Gelsenkirchen,Bonn,770,1.1,2,2026-01-28T00:00:00,6139
SH0235,Wuppertal,Stuttgart,890,0.6,2,2026-01-21T00:00:00,8484
SH0236,Chemnitz,Bremen,428,2.3,4,2026-01-17T00:00:00,8155
SH0237,Munster,Oberhausen,726,4.5,4,2026-01-22T00:00:00,5084
SH0238,Dresden,Bremen,694,3.3,1,2026-01-29T00:00:00,6478
SH0239,Wuppertal,Kiel,645,1.6,2,2026-01-26T00:00:00,3391
SH0240,Mannheim,Cologne,816,1.6,2,2026-01-22T00:00:00,9025
SH0241,Dresden,Berlin,860,1.2,1,2026-01-16T00:00:00,5514
SH0242,Kiel,Magdeburg,684,2.8,1,2026-01-27T00:00:00,7909
SH0243,Berlin,Stuttgart,817,2.2,2,2026-01-29T00:00:00,8491
SH0244,Aachen,Stuttgart,502,0.9,4,2026-01-17T00:00:00,5319
SH0245,Leipzig,Halle,501,2.6,5,2026-01-20T00:00:00,4667
SH0246,Stuttgart,Gelsenkirchen,707,1.6,4,2026-01-19T00:00:00,3983
SH0247,Bochum,Bonn,914,2.7,2,2026-01-28T00:00:00,1255
SH0248,Bremen,Mainz,217,2.0,1,2026-01-29T00:00:00,9999
SH0249,Munster,Stuttgart,987,1.0,4,2026-01-16T00:00:00,4343
SH0250,Berlin,Munster,288,5.0,1,2026-01-29T00:00:00,4375
SH0251,Braunschweig,Essen,460,3.0,2,2026-01-16T00:00:00,3329
SH0252,Bochum,Krefeld,673,2.7,3,2026-01-18T00:00:00,5973
SH0253,Essen,Dresden,826,2.2,1,2026-01-20T00:00:00,4076
SH0254,Dresden,Bonn,173,2.7,2,2026-01-17T00:00:00,6964
SH0255,Kassel,Rostock,642,2.9,1,2026-01-17T00:00:00,3075
SH0256,Stuttgart,Monchengladbach,484,1.7,3,2026-01-28T00:00:00,6528
SH0257,Dusseldorf,Duisburg,875,2.0,3,2026-01-23T00:00:00,8388
SH0258,Leipzig,Magdeburg,730,2.2,5,2026-01-17T00:00:00,2704
SH0259,Augsburg,Lubeck,260,1.2,3,2026-01-22T00:00:00,2299
SH0260,Lubeck,Erfurt,257,1.9,3,2026-01-24T00:00:00,2003
SH0261,Kiel,Kassel,225,1.6,4,2026-01-26T00:00:00,6676
SH0262,Essen,Rostock,372,1.6,4,2026-01-28T00:00:00,1785
SH0263,Leipzig,Kassel,329,3.2,3,2026-01-29T00:00:00,5231
SH0264,Munich,Mannheim,268,4.9,1,2026-01-24T00:00:00,8863
SH0265,Halle,Nuremberg,398,4.1,3,2026-01-22T00:00:00,1462
SH0266,Bochum,Munster,867,4.4,5,2026-01-17T00:00:00,6925
SH0267,Karlsruhe,Freiburg,619,3.8,2,2026-01-20T00:00:00,5568
SH0268,Stuttgart,Rostock,440,1.2,1,2026-01-23T00:00:00,1489
SH0269,Freiburg,Hanover,421,1.9,1,2026-01-26T00:00:00,8035
SH0270,Hanover,Monchengladbach,400,3.3,2,2026-01-25T00:00:00,2380
SH0271,Berlin,Erfurt,803,4.6,4,2026-01-20T00:00:00,9797
SH0272,Essen,Erfurt,548,3.9,2,2026-01-22T00:00:00,2532
SH0273,Krefeld,Hamburg,810,4.5,5,2026-01-20T00:00:00,6158
SH0274,Erfurt,Munster,222,0.8,3,2026-01-20T00:00:00,9646
SH0275,Mannheim,Essen,381,4.5,2,2026-01-19T00:00:00,7335
SH0276,Leipzig,Stuttgart,986,4.1,2,2026-01-21T00:00:00,4091
SH0277,Munster,Bielefeld,834,3.2,2,2026-01-22T00:00:00,6971
SH0278,Mainz,Essen,723,4.5,4,2026-01-27T00:00:00,4712
SH0279,Rostock,Munster,595,2.7,2,2026-01-16T00:00:00,1957
SH0280,Hanover,Bochum,168,2.2,3,2026-01-21T00:00:00,9199
SH0281,Wuppertal,Gelsenkirchen,918,4.1,3,2026-01-21T00:00:00,5665
SH0282,Frankfurt,Munster,553,4.6,2,2026-01-18T00:00:00,8007
SH0283,Munich,Oberhausen,486,1.9,5,2026-01-29T00:00:00,4232
SH0284,Duisburg,Freiburg,500,4.2,5,2026-01-21T00:00:00,2111
SH0285,Magdeburg,Kiel,406,3.6,2,2026-01-22T00:00:00,9341
SH0286,Bremen,Munster,538,2.7,2,2026-01-20T00:00:00,6131
SH0287,Hamburg,Magdeburg,686,3.4,2,2026-01-17T00:00:00,3128
SH0288,Bochum,Hanover,323,3.1,4,2026-01-20T00:00:00,2542
SH0289,Augsburg,Aachen,515,2.6,4,2026-01-29T00:00:00,5181
SH0290,Hamburg,Frankfurt,863,4.4,4,2026-01-22T00:00:00,6908
SH0291,Dusseldorf,Dresden,970,2.0,5,2026-01-22T00:00:00,2221
SH0292,Essen,Magdeburg,406,1.6,1,2026-01-28T00:00:00,9133
SH0293,Stuttgart,Kassel,326,2.7,1,2026-01-22T00:00:00,9370
SH0294,Munich,Hanover,979,3.0,1,2026-01-24T00:00:00,8354
SH0295,Karlsruhe,Dresden,881,1.7,5,2026-01-20T00:00:00,4117
SH0296,Cologne,Bochum,226,4.9,5,2026-01-27T00:00:00,4857
SH0297,Dusseldorf,Munster,845,1.1,2,2026-01-27T00:00:00,5006
SH0298,Lubeck,Kassel,624,0.5,5,2026-01-17T00:00:00,7900
SH0299,Lubeck,Kiel,830,3.5,1,2026-01-22T00:00:00,8812
SH0300,Leipzig,Kiel,173,2.4,4,2026-01-28T00:00:00,5804
SH0301,Krefeld,Monchengladbach,728,2.0,2,2026-01-24T00:00:00,7479
SH0302,Munster,Chemnitz,120,2.5,5,2026-01-17T00:00:00,3560
SH0303,Dortmund,Wiesbaden,272,1.2,4,2026-01-16T00:00:00,4738
SH0304,Erfurt,Hamburg,700,1.6,1,2026-01-21T00:00:00,6613
SH0305,Kassel,Braunschweig,192,3.3,5,2026-01-20T00:00:00,1220
SH0306,Lubeck,Stuttgart,921,2.3,5,2026-01-26T00:00:00,1505
SH0307,Magdeburg,Halle,394,2.7,2,2026-01-19T00:00:00,8014
SH0308,Stuttgart,Magdeburg,717,0.9,3,2026-01-24T00:00:00,1356
SH0309,Augsburg,Kiel,525,1.7,4,2026-01-20T00:00:00,1452
SH0310,Kassel,Nuremberg,596,2.9,3,2026-01-26T00:00:00,8618
SH0311,Braunschweig,Chemnitz,692,3.2,2,2026-01-24T00:00:00,6204
SH0312,Stuttgart,Augsburg,457,4.3,1,2026-01-16T00:00:00,3810
SH0313,Wiesbaden,Magdeburg,763,0.6,1,2026-01-16T00:00:00,1650
SH0314,Magdeburg,Kassel,502,3.4,4,2026-01-28T00:00:00,9556
SH0315,Kiel,Cologne,182,1.8,2,2026-01-24T00:00:00,6991
SH0316,Hamburg,Bochum,192,3.3,2,2026-01-27T00:00:00,7848
SH0317,Karlsruhe,Bochum,501,4.0,1,2026-01-28T00:00:00,3080
SH0318,Monchengladbach,Stuttgart,848,1.1,3,2026-01-26T00:00:00,6637
SH0319,Duisburg,Essen,619,1.6,3,2026-01-29T00:00:00,1119
SH0320,Bonn,Hanover,305,1.0,2,2026-01-24T00:00:00,3303
SH0321,Wuppertal,Oberhausen,210,0.7,4,2026-01-29T00:00:00,4626
SH0322,Krefeld,Braunschweig,552,3.5,3,2026-01-19T00:00:00,3619
SH0323,Munster,Wiesbaden,540,2.7,1,2026-01-19T00:00:00,6437
SH0324,Mannheim,Magdeburg,175,4.7,4,2026-01-22T00:00:00,5926
SH0325,Freiburg,Chemnitz,848,2.1,1,2026-01-24T00:00:00,8594
SH0326,Magdeburg,Halle,244,1.2,3,2026-01-28T00:00:00,1772
SH0327,Bochum,Magdeburg,740,5.0,4,2026-01-28T00:00:00,4990
SH0328,Dresden,Wuppertal,250,3.9,3,2026-01-22T00:00:00,7438
SH0329,Essen,Hanover,616,4.8,4,2026-01-29T00:00:00,2179
SH0330,Dresden,Bremen,634,1.7,1,2026-01-24T00:00:00,6249
SH0331,Hanover,Bielefeld,778,2.4,4,2026-01-28T00:00:00,2855
SH0332,Mannheim,Aachen,155,4.9,1,2026-01-25T00:00:00,4774
SH0333,Bonn,Gelsenkirchen,652,4.9,5,2026-01-25T00:00:00,3105
SH0334,Munich,Leipzig,162,0.5,5,2026-01-18T00:00:00,1994
SH0335,Dortmund,Magdeburg,710,3.0,1,2026-01-20T00:00:00,5672
SH0336,Leipzig,Dortmund,387,2.4,5,2026-01-25T00:00:00,4655
SH0337,Augsburg,Mannheim,158,2.5,3,2026-01-18T00:00:00,1301
SH0338,Cologne,Frankfurt,278,4.5,4,2026-01-28T00:00:00,2860
SH0339,Augsburg,Bremen,249,4.5,4,2026-01-20T00:00:00,4064
SH0340,Erfurt,Munster,846,2.2,1,2026-01-18T00:00:00,1332
SH0341,Gelsenkirchen,Munster,607,2.0,3,2026-01-24T00:00:00,6051
SH0342,Berlin,Munich,467,1.8,1,2026-01-24T00:00:00,8853
SH0343,Bochum,Essen,639,1.3,4,2026-01-16T00:00:00,3381
SH0344,Lubeck,Gelsenkirchen,224,3.0,4,2026-01-16T00:00:00,2574
SH0345,Augsburg,Freiburg,401,3.9,3,2026-01-16T00:00:00,4738
SH0346,Oberhausen,Bochum,269,4.9,3,2026-01-29T00:00:00,5185
SH0347,Rostock,Dusseldorf,179,3.0,1,2026-01-29T00:00:00,3195
SH0348,Wiesbaden,Chemnitz,736,2.5,4,2026-01-23T00:00:00,3037
SH0349,Munich,Berlin,369,3.9,4,2026-01-25T00:00:00,7099
SH0350,Gelsenkirchen,Chemnitz,767,3.8,5,2026-01-17T00:00:00,2781
SH0351,Lubeck,Essen,122,2.3,1,2026-01-22T00:00:00,8305
SH0352,Halle,Oberhausen,825,1.8,4,2026-01-25T00:00:00,1958
SH0353,Frankfurt,Berlin,158,2.5,3,2026-01-25T00:00:00,5961
SH0354,Leipzig,Hamburg,302,1.2,5,2026-01-20T00:00:00,4456
SH0355,Chemnitz,Bonn,292,3.1,4,2026-01-18T00:00:00,1498
SH0356,Bochum,Wiesbaden,670,3.8,2,2026-01-21T00:00:00,1649
SH0357,Munster,Wuppertal,389,3.1,2,2026-01-27T00:00:00,4842
SH0358,Freiburg,Nuremberg,307,1.7,5,2026-01-28T00:00:00,5089
SH0359,Leipzig,Bremen,440,1.1,3,2026-01-18T00:00:00,9401
SH0360,Nuremberg,Dresden,494,3.1,2,2026-01-21T00:00:00,1046
SH0361,Leipzig,Oberhausen,393,0.6,3,2026-01-16T00:00:00,8190
SH0362,Hamburg,Freiburg,419,4.6,1,2026-01-29T00:00:00,1258
SH0363,Monchengladbach,Aachen,440,2.3,3,2026-01-29T00:00:00,1985
SH0364,Magdeburg,Bielefeld,864,0.7,2,2026-01-29T00:00:00,3746
SH0365,Hamburg,Bonn,844,0.6,5,2026-01-16T00:00:00,2887
SH0366,Rostock,Lubeck,867,1.6,1,2026-01-21T00:00:00,7308
SH0367,Mainz,Bochum,648,2.4,2,2026-01-17T00:00:00,1312
SH0368,Lubeck,Monchengladbach,535,1.8,1,2026-01-22T00:00:00,1596
SH0369,Bonn,Hamburg,237,2.9,5,2026-01-29T00:00:00,2002
SH0370,Erfurt,Augsburg,178,4.1,3,2026-01-21T00:00:00,9360
SH0371,Rostock,Magdeburg,713,4.2,4,2026-01-28T00:00:00,1109
SH0372,Kiel,Aachen,784,2.9,2,2026-01-20T00:00:00,8974
SH0373,Leipzig,Aachen,435,4.0,3,2026-01-25T00:00:00,8997
SH0374,Hamburg,Dusseldorf,479,1.6,5,2026-01-19T00:00:00,4093
SH0375,Dusseldorf,Stuttgart,915,5.0,4,2026-01-16T00:00:00,8513
SH0376,Dusseldorf,Hamburg,397,1.7,5,2026-01-21T00:00:00,1122
SH0377,Wiesbaden,Freiburg,120,0.7,5,2026-01-16T00:00:00,6782
SH0378,Kassel,Dortmund,810,0.5,4,2026-01-19T00:00:00,8347
SH0379,Munster,Mannheim,595,1.1,1,2026-01-21T00:00:00,1424
SH0380,Rostock,Kassel,588,4.2,1,2026-01-26T00:00:00,5821
SH0381,Dortmund,Erfurt,841,4.2,4,2026-01-23T00:00:00,6128
SH0382,Nuremberg,Leipzig,764,1.9,3,2026-01-17T00:00:00,2585
SH0383,Bielefeld,Bochum,303,3.0,1,2026-01-16T00:00:00,4620
SH0384,Bonn,Monchengladbach,845,4.1,2,2026-01-21T00:00:00,1828
SH0385,Wiesbaden,Bonn,344,1.8,3,2026-01-16T00:00:00,4356
SH0386,Augsburg,Frankfurt,836,0.9,4,2026-01-18T00:00:00,4332
SH0387,Bochum,Stuttgart,396,2.9,5,2026-01-25T00:00:00,8706
SH0388,Oberhausen,Munich,635,3.5,2,2026-01-24T00:00:00,7063
SH0389,Augsburg,Mannheim,302,1.5,4,2026-01-22T00:00:00,8950
SH0390,Hanover,Krefeld,725,2.4,1,2026-01-22T00:00:00,6396
SH0391,Essen,Augsburg,789,4.5,5,2026-01-18T00:00:00,9915
SH0392,Dortmund,Braunschweig,482,2.3,2,2026-01-28T00:00:00,6375
SH0393,Bochum,Halle,650,2.8,4,2026-01-20T00:00:00,3463
SH0394,Bielefeld,Bonn,733,1.4,1,2026-01-25T00:00:00,4642
SH0395,Bonn,Hanover,267,3.7,5,2026-01-17T00:00:00,5798
SH0396,Bielefeld,Hanover,355,2.7,2,2026-01-23T00:00:00,9159
SH0397,Duisburg,Kassel,649,3.9,4,2026-01-23T00:00:00,3962
SH0398,Wiesbaden,Cologne,674,3.4,2,2026-01-16T00:00:00,1174
SH0399,Rostock,Kassel,565,3.1,1,2026-01-29T00:00:00,9429
SH0400,Dusseldorf,Halle,274,4.4,1,2026-01-24T00:00:00,9946
SH0401,Gelsenkirchen,Mainz,470,1.6,5,2026-01-18T00:00:00,5309
SH0402,Krefeld,Halle,848,1.3,2,2026-01-19T00:00:00,5845
SH0403,Nuremberg,Stuttgart,287,3.0,2,2026-01-17T00:00:00,4988
SH0404,Dusseldorf,Frankfurt,104,3.3,3,2026-01-17T00:00:00,8098
SH0405,Oberhausen,Erfurt,614,3.3,5,2026-01-20T00:00:00,7889
SH0406,Stuttgart,Dusseldorf,473,4.7,3,2026-01-18T00:00:00,5986
SH0407,Oberhausen,Mainz,534,2.1,4,2026-01-28T00:00:00,8241
SH0408,Erfurt,Braunschweig,381,2.9,1,2026-01-28T00:00:00,1427
SH0409,Braunschweig,Nuremberg,914,4.0,4,2026-01-28T00:00:00,3815
SH0410,Bielefeld,Braunschweig,230,0.8,4,2026-01-23T00:00:00,9070
SH0411,Dortmund,Lubeck,483,2.1,4,2026-01-26T00:00:00,8042
SH0412,Monchengladbach,Bremen,159,1.3,2,2026-01-21T00:00:00,5497
SH0413,Bochum,Chemnitz,171,4.9,3,2026-01-18T00:00:00,4859
SH0414,Lubeck,Stuttgart,974,1.4,1,2026-01-16T00:00:00,3483
SH0415,Hamburg,Lubeck,953,2.9,4,2026-01-21T00:00:00,8748
SH0416,Magdeburg,Erfurt,948,2.2,3,2026-01-17T00:00:00,4118
SH0417,Krefeld,Freiburg,906,4.4,1,2026-01-25T00:00:00,1494
SH0418,Munster,Krefeld,584,3.2,1,2026-01-16T00:00:00,4549
SH0419,Munich,Oberhausen,197,2.2,2,2026-01-25T00:00:00,6171
SH0420,Kiel,Rostock,505,4.6,3,2026-01-28T00:00:00,6339
SH0421,Dusseldorf,Hamburg,333,4.6,5,2026-01-29T00:00:00,4364
SH0422,Bremen,Bonn,163,4.7,1,2026-01-17T00:00:00,5279
SH0423,Dusseldorf,Halle,637,0.9,4,2026-01-28T00:00:00,7005
SH0424,Duisburg,Hamburg,734,2.3,3,2026-01-29T00:00:00,2038
SH0425,Dresden,Chemnitz,741,3.6,2,2026-01-16T00:00:00,4358
SH0426,Nuremberg,Karlsruhe,304,2.2,3,2026-01-25T00:00:00,6069
SH0427,Dortmund,Munich,790,2.0,5,2026-01-25T00:00:00,7310
SH0428,Monchengladbach,Wuppertal,157,2.5,1,2026-01-26T00:00:00,9725
SH0429,Karlsruhe,Bielefeld,804,1.3,5,2026-01-18T00:00:00,7226
SH0430,Kassel,Monchengladbach,940,1.5,2,2026-01-18T00:00:00,7543
SH0431,Krefeld,Kiel,590,4.9,4,2026-01-24T00:00:00,9227
SH0432,Mannheim,Wiesbaden,248,1.6,3,2026-01-16T00:00:00,7899
SH0433,Frankfurt,Munich,398,4.8,3,2026-01-26T00:00:00,8453
SH0434,Cologne,Aachen,882,1.2,1,2026-01-24T00:00:00,1462
SH0435,Monchengladbach,Dortmund,531,4.6,1,2026-01-25T00:00:00,1043
SH0436,Gelsenkirchen,Karlsruhe,890,3.7,2,2026-01-18T00:00:00,3976
SH0437,Dusseldorf,Lubeck,499,3.4,1,2026-01-23T00:00:00,6515
SH0438,Dusseldorf,Duisburg,943,1.7,5,2026-01-27T00:00:00,1921
SH0439,Freiburg,Stuttgart,901,1.7,2,2026-01-16T00:00:00,9495
SH0440,Dresden,Bremen,998,4.5,2,2026-01-22T00:00:00,6617
SH0441,Cologne,Mannheim,491,2.9,2,2026-01-28T00:00:00,6576
SH0442,Berlin,Mannheim,886,4.4,1,2026-01-23T00:00:00,4655
SH0443,Dresden,Kassel,881,1.2,5,2026-01-29T00:00:00,1954
SH0444,Dortmund,Erfurt,575,0.6,4,2026-01-16T00:00:00,6559
SH0445,Freiburg,Magdeburg,826,0.7,1,2026-01-16T00:00:00,3349
SH0446,Essen,Magdeburg,580,0.9,1,2026-01-22T00:00:00,3327
SH0447,Oberhausen,Magdeburg,330,3.6,5,2026-01-16T00:00:00,4308
SH0448,Stuttgart,Mainz,374,0.7,5,2026-01-20T00:00:00,6056
SH0449,Rostock,Cologne,915,3.2,4,2026-01-20T00:00:00,7505
SH0450,Hamburg,Nuremberg,563,4.5,3,2026-01-19T00:00:00,7223
SH0451,Monchengladbach,Berlin,510,2.0,5,2026-01-27T00:00:00,5099
SH0452,Kassel,Rostock,651,3.2,3,2026-01-21T00:00:00,5983
SH0453,Lubeck,Braunschweig,312,2.0,5,2026-01-24T00:00:00,2655
SH0454,Munster,Munich,757,0.5,5,2026-01-22T00:00:00,9121
SH0455,Essen,Kiel,708,3.9,4,2026-01-27T00:00:00,2110
SH0456,Augsburg,Mainz,367,2.4,3,2026-01-25T00:00:00,3053
SH0457,Magdeburg,Stuttgart,407,0.6,4,2026-01-28T00:00:00,1356
SH0458,Karlsruhe,Stuttgart,380,4.8,3,2026-01-29T00:00:00,4761
SH0459,Bielefeld,Munster,248,3.2,2,2026-01-23T00:00:00,1541
SH0460,Rostock,Oberhausen,815,2.9,3,2026-01-23T00:00:00,4700
SH0461,Rostock,Oberhausen,812,1.1,1,2026-01-28T00:00:00,2291
SH0462,Berlin,Gelsenkirchen,697,4.4,2,2026-01-24T00:00:00,2077
SH0463,Dresden,Erfurt,744,0.5,5,2026-01-26T00:00:00,4457
SH0464,Duisburg,Karlsruhe,227,1.3,3,2026-01-22T00:00:00,6964
SH0465,Munster,Nuremberg,742,4.4,3,2026-01-20T00:00:00,1995
SH0466,Munster,Duisburg,243,4.2,2,2026-01-22T00:00:00,4002
SH0467,Cologne,Bremen,419,3.3,3,2026-01-20T00:00:00,7666
SH0468,Dresden,Mannheim,173,2.0,2,2026-01-21T00:00:00,8986
SH0469,Freiburg,Nuremberg,950,2.1,2,2026-01-27T00:00:00,6811
SH0470,Frankfurt,Mannheim,575,4.8,3,2026-01-16T00:00:00,5565
SH0471,Mannheim,Braunschweig,796,3.2,1,2026-01-26T00:00:00,7339
SH0472,Wuppertal,Oberhausen,621,1.2,2,2026-01-16T00:00:00,2617
SH0473,Krefeld,Chemnitz,511,2.6,3,2026-01-17T00:00:00,6828
SH0474,Lubeck,Hamburg,951,1.9,3,2026-01-20T00:00:00,4910
SH0475,Leipzig,Gelsenkirchen,107,2.3,4,2026-01-26T00:00:00,4142
SH0476,Karlsruhe,Kassel,363,3.1,4,2026-01-19T00:00:00,3939
SH0477,Freiburg,Mainz,470,2.9,4,2026-01-21T00:00:00,4185
SH0478,Gelsenkirchen,Lubeck,142,1.0,3,2026-01-19T00:00:00,3893
SH0479,Kassel,Leipzig,801,3.2,2,2026-01-27T00:00:00,9350
SH0480,Bielefeld,Magdeburg,855,3.3,4,2026-01-21T00:00:00,8304
SH0481,Wiesbaden,Bonn,984,1.7,2,2026-01-23T00:00:00,1890
SH0482,Leipzig,Kassel,808,3.3,5,2026-01-17T00:00:00,6880
SH0483,Wiesbaden,Duisburg,951,0.7,2,2026-01-22T00:00:00,4718
SH0484,Cologne,Wuppertal,179,2.5,4,2026-01-19T00:00:00,6281
SH0485,Braunschweig,Lubeck,128,1.5,4,2026-01-25T00:00:00,6401
SH0486,Erfurt,Augsburg,572,2.2,4,2026-01-25T00:00:00,4353
SH0487,Oberhausen,Hanover,637,1.1,5,2026-01-17T00:00:00,8156
SH0488,Dusseldorf,Dortmund,945,2.8,4,2026-01-26T00:00:00,1067
SH0489,Leipzig,Oberhausen,817,2.4,3,2026-01-28T00:00:00,9127
SH0490,Bremen,Leipzig,759,1.8,2,2026-01-29T00:00:00,7421
SH0491,Bonn,Bochum,642,1.0,2,2026-01-25T00:00:00,4684
SH0492,Essen,Wuppertal,970,3.0,4,2026-01-27T00:00:00,3627
SH0493,Dusseldorf,Duisburg,977,0.6,2,2026-01-16T00:00:00,3954
SH0494,Halle,Cologne,269,3.5,2,2026-01-22T00:00:00,4265
SH0495,Mannheim,Freiburg,198,4.3,5,2026-01-24T00:00:00,3703
SH0496,Bonn,Chemnitz,909,2.2,5,2026-01-19T00:00:00,9136
SH0497,Aachen,Kiel,669,0.9,5,2026-01-26T00:00:00,7567
SH0498,Wuppertal,Erfurt,684,2.7,5,2026-01-27T00:00:00,7908
SH0499,Erfurt,Bremen,502,0.8,1,2026-01-20T00:00:00,4328
SH0500,Erfurt,Leipzig,865,4.9,2,2026-01-24T00:00:00,3519
SH0501,Halle,Hamburg,175,3.7,3,2026-01-16T00:00:00,2702
SH0502,Nuremberg,Mannheim,973,5.0,2,2026-01-28T00:00:00,3906
SH0503,Halle,Bochum,264,0.9,3,2026-01-16T00:00:00,4392
SH0504,Berlin,Augsburg,708,2.9,5,2026-01-25T00:00:00,8918
SH0505,Munich,Leipzig,503,3.0,2,2026-01-19T00:00:00,3046
SH0506,Monchengladbach,Dortmund,300,0.6,1,2026-01-24T00:00:00,7834
SH0507,Chemnitz,Krefeld,278,3.0,2,2026-01-17T00:00:00,2688
SH0508,Munster,Gelsenkirchen,274,1.9,5,2026-01-22T00:00:00,6523
SH0509,Munster,Kiel,564,3.3,5,2026-01-27T00:00:00,1098
SH0510,Gelsenkirchen,Duisburg,236,3.0,1,2026-01-29T00:00:00,1738
SH0511,Bremen,Mainz,855,2.9,5,2026-01-28T00:00:00,2536
SH0512,Kiel,Hanover,388,4.3,1,2026-01-20T00:00:00,9456
SH0513,Lubeck,Berlin,499,3.8,1,2026-01-16T00:00:00,9491
SH0514,Nuremberg,Monchengladbach,843,4.2,3,2026-01-20T00:00:00,7988
SH0515,Dresden,Munich,497,4.4,2,2026-01-26T00:00:00,6379
SH0516,Wiesbaden,Bochum,492,2.0,3,2026-01-16T00:00:00,9499
SH0517,Magdeburg,Augsburg,928,3.9,1,2026-01-23T00:00:00,6808
SH0518,Nuremberg,Wuppertal,117,1.5,1,2026-01-22T00:00:00,6051
SH0519,Stuttgart,Freiburg,189,2.3,4,2026-01-17T00:00:00,4750
SH0520,Essen,Bielefeld,100,1.2,3,2026-01-27T00:00:00,7689
SH0521,Dresden,Aachen,612,1.9,4,2026-01-27T00:00:00,1316
SH0522,Munich,Lubeck,968,4.5,4,2026-01-25T00:00:00,8505
SH0523,Magdeburg,Augsburg,264,2.3,1,2026-01-28T00:00:00,9490
SH0524,Wiesbaden,Duisburg,460,5.0,3,2026-01-24T00:00:00,9875
SH0525,Augsburg,Kiel,811,0.9,5,2026-01-20T00:00:00,9769
SH0526,Gelsenkirchen,Krefeld,718,2.5,3,2026-01-23T00:00:00,1253
SH0527,Dortmund,Karlsruhe,548,2.4,4,2026-01-29T00:00:00,3152
SH0528,Augsburg,Oberhausen,316,2.3,2,2026-01-17T00:00:00,1198
SH0529,Berlin,Kiel,795,0.5,2,2026-01-20T00:00:00,9795
SH0530,Bielefeld,Halle,866,1.6,3,2026-01-19T00:00:00,9366
SH0531,Bochum,Aachen,840,2.1,3,2026-01-26T00:00:00,5409
SH0532,Magdeburg,Mannheim,120,1.0,1,2026-01-28T00:00:00,4712
SH0533,Gelsenkirchen,Halle,150,1.3,5,2026-01-23T00:00:00,1631
SH0534,Bremen,Leipzig,460,2.6,3,2026-01-23T00:00:00,3381
SH0535,Bielefeld,Braunschweig,533,3.2,5,2026-01-25T00:00:00,2270
SH0536,Oberhausen,Mainz,549,3.1,2,2026-01-18T00:00:00,5733
SH0537,Karlsruhe,Bonn,388,2.3,5,2026-01-20T00:00:00,3670
SH0538,Karlsruhe,Munster,396,2.6,4,2026-01-24T00:00:00,8999
SH0539,Aachen,Stuttgart,963,4.5,5,2026-01-27T00:00:00,3091
SH0540,Karlsruhe,Essen,283,4.0,5,2026-01-25T00:00:00,9449
SH0541,Halle,Rostock,598,4.4,3,2026-01-17T00:00:00,2327
SH0542,Lubeck,Nuremberg,478,1.2,4,2026-01-25T00:00:00,4739
SH0543,Gelsenkirchen,Bremen,173,3.1,3,2026-01-18T00:00:00,9695
SH0544,Augsburg,Munster,937,4.8,5,2026-01-27T00:00:00,9632
SH0545,Halle,Hamburg,253,3.5,5,2026-01-28T00:00:00,4801
SH0546,Gelsenkirchen,Oberhausen,511,2.4,5,2026-01-28T00:00:00,4252
SH0547,Augsburg,Halle,845,4.0,5,2026-01-22T00:00:00,9225
SH0548,Bochum,Nuremberg,548,1.2,3,2026-01-27T00:00:00,3474
SH0549,Krefeld,Dresden,525,2.5,5,2026-01-29T00:00:00,7634
SH0550,Halle,Rostock,928,3.7,1,2026-01-27T00:00:00,1738
SH0551,Wuppertal,Bielefeld,122,3.7,4,2026-01-25T00:00:00,9104
SH0552,Lubeck,Magdeburg,316,2.0,1,2026-01-20T00:00:00,6045
SH0553,Oberhausen,Hanover,152,1.8,3,2026-01-22T00:00:00,7258
SH0554,Krefeld,Kiel,616,3.1,3,2026-01-20T00:00:00,8185
SH0555,Chemnitz,Dortmund,745,1.6,5,2026-01-20T00:00:00,4547
SH0556,Monchengladbach,Dusseldorf,684,1.2,3,2026-01-17T00:00:00,6479
SH0557,Dresden,Mannheim,468,4.4,2,2026-01-17T00:00:00,4773
SH0558,Mainz,Augsburg,647,3.5,5,2026-01-18T00:00:00,6125
SH0559,Freiburg,Duisburg,773,3.7,4,2026-01-27T00:00:00,5284
SH0560,Halle,Duisburg,930,3.8,4,2026-01-18T00:00:00,1991
SH0561,Leipzig,Monchengladbach,834,5.0,4,2026-01-24T00:00:00,6285
SH0562,Dresden,Braunschweig,415,2.0,2,2026-01-27T00:00:00,4930
SH0563,Munich,Oberhausen,576,2.7,1,2026-01-16T00:00:00,9505
SH0564,Augsburg,Erfurt,188,2.6,5,2026-01-20T00:00:00,5754
SH0565,Kassel,Rostock,340,1.7,4,2026-01-18T00:00:00,6525
SH0566,Frankfurt,Krefeld,710,4.8,1,2026-01-27T00:00:00,5935
SH0567,Rostock,Leipzig,781,4.1,1,2026-01-17T00:00:00,1016
SH0568,Dortmund,Karlsruhe,988,2.3,2,2026-01-17T00:00:00,6895
SH0569,Rostock,Leipzig,676,4.5,3,2026-01-26T00:00:00,4301
SH0570,Augsburg,Aachen,858,2.3,5,2026-01-16T00:00:00,3041
SH0571,Munster,Wiesbaden,442,2.7,4,2026-01-16T00:00:00,7955
SH0572,Frankfurt,Bonn,305,0.6,2,2026-01-18T00:00:00,7676
SH0573,Leipzig,Munster,569,3.0,5,2026-01-24T00:00:00,3509
SH0574,Berlin,Kiel,684,0.6,5,2026-01-25T00:00:00,1702
SH0575,Wiesbaden,Munich,360,1.4,3,2026-01-22T00:00:00,4426
SH0576,Oberhausen,Freiburg,971,1.8,1,2026-01-19T00:00:00,6512
SH0577,Bochum,Nuremberg,908,1.7,4,2026-01-23T00:00:00,3296
SH0578,Dortmund,Munster,662,3.2,3,2026-01-20T00:00:00,4282
SH0579,Rostock,Mainz,358,2.9,4,2026-01-21T00:00:00,4390
SH0580,Monchengladbach,Magdeburg,637,4.5,4,2026-01-18T00:00:00,8626
SH0581,Freiburg,Monchengladbach,665,4.7,2,2026-01-28T00:00:00,4345
SH0582,Nuremberg,Bochum,606,0.5,2,2026-01-19T00:00:00,4101
SH0583,Hanover,Stuttgart,244,3.9,2,2026-01-29T00:00:00,8820
SH0584,Magdeburg,Munich,441,4.1,2,2026-01-21T00:00:00,4020
SH0585,Lubeck,Bremen,689,3.1,4,2026-01-22T00:00:00,8309
SH0586,Dortmund,Munich,439,4.5,5,2026-01-19T00:00:00,9554
SH0587,Wiesbaden,Bonn,148,3.3,3,2026-01-28T00:00:00,8057
SH0588,Mannheim,Bielefeld,738,4.5,3,2026-01-17T00:00:00,4037
SH0589,Chemnitz,Gelsenkirchen,867,4.4,2,2026-01-16T00:00:00,9920
SH0590,Oberhausen,Rostock,751,1.5,4,2026-01-21T00:00:00,4009
SH0591,Dortmund,Duisburg,569,2.3,1,2026-01-20T00:00:00,7676
SH0592,Magdeburg,Wiesbaden,107,2.4,2,2026-01-28T00:00:00,5037
SH0593,Cologne,Karlsruhe,642,2.3,3,2026-01-24T00:00:00,5472
SH0594,Nuremberg,Gelsenkirchen,383,4.6,5,2026-01-17T00:00:00,1493
SH0595,Stuttgart,Bochum,531,2.1,3,2026-01-21T00:00:00,4348
SH0596,Karlsruhe,Augsburg,906,1.8,3,2026-01-17T00:00:00,1129
SH0597,Berlin,Hamburg,633,1.3,3,2026-01-26T00:00:00,5700
SH0598,Magdeburg,Aachen,747,2.7,2,2026-01-22T00:00:00,1182
SH0599,Munster,Bremen,890,4.2,3,2026-01-29T00:00:00,2727
SH0600,Dresden,Bremen,697,4.9,1,2026-01-26T00:00:00,2481
SH0601,Krefeld,Kiel,571,0.5,1,2026-01-27T00:00:00,5019
SH0602,Braunschweig,Lubeck,159,1.0,2,2026-01-20T00:00:00,9442
SH0603,Hamburg,Dortmund,479,1.1,1,2026-01-20T00:00:00,6197
SH0604,Bochum,Dusseldorf,806,0.5,3,2026-01-26T00:00:00,6690
SH0605,Mainz,Munich,930,2.7,4,2026-01-18T00:00:00,6311
SH0606,Oberhausen,Duisburg,785,4.6,3,2026-01-20T00:00:00,3034
SH0607,Dortmund,Duisburg,548,4.5,4,2026-01-27T00:00:00,1892
SH0608,Augsburg,Wuppertal,729,0.7,4,2026-01-29T00:00:00,5756
SH0609,Nuremberg,Frankfurt,325,3.6,4,2026-01-25T00:00:00,6057
SH0610,Duisburg,Kiel,952,0.7,4,2026-01-18T00:00:00,3949
SH0611,Dresden,Frankfurt,802,2.1,4,2026-01-19T00:00:00,4374
SH0612,Lubeck,Hanover,167,4.6,2,2026-01-20T00:00:00,1303
SH0613,Dusseldorf,Essen,722,2.6,3,2026-01-28T00:00:00,3704
SH0614,Rostock,Dresden,500,3.4,4,2026-01-26T00:00:00,2868
SH0615,Dresden,Cologne,652,1.9,5,2026-01-20T00:00:00,7505
SH0616,Stuttgart,Bonn,941,1.3,4,2026-01-18T00:00:00,8039
SH0617,Karlsruhe,Duisburg,396,3.0,4,2026-01-21T00:00:00,1353
SH0618,Bonn,Freiburg,587,1.9,1,2026-01-24T00:00:00,6930
SH0619,Chemnitz,Munich,570,0.9,4,2026-01-22T00:00:00,4239
SH0620,Bochum,Augsburg,614,4.4,4,2026-01-19T00:00:00,6511
SH0621,Oberhausen,Munster,397,4.7,2,2026-01-19T00:00:00,6588
SH0622,Munich,Krefeld,160,1.4,5,2026-01-27T00:00:00,8093
SH0623,Halle,Aachen,272,3.0,5,2026-01-29T00:00:00,1373
SH0624,Erfurt,Rostock,120,4.6,4,2026-01-25T00:00:00,8246
SH0625,Augsburg,Krefeld,854,4.9,4,2026-01-26T00:00:00,8127
SH0626,Bonn,Chemnitz,386,0.6,3,2026-01-22T00:00:00,4889
SH0627,Bonn,Mainz,738,2.1,2,2026-01-24T00:00:00,4903
SH0628,Duisburg,Halle,709,2.6,4,2026-01-19T00:00:00,9356
SH0629,Oberhausen,Rostock,770,1.4,5,2026-01-26T00:00:00,6358
SH0630,Rostock,Kiel,703,3.6,4,2026-01-16T00:00:00,9815
SH0631,Cologne,Karlsruhe,161,4.0,1,2026-01-23T00:00:00,4909
SH0632,Gelsenkirchen,Hanover,177,0.8,1,2026-01-24T00:00:00,7464
SH0633,Hanover,Munster,283,3.9,1,2026-01-21T00:00:00,4952
SH0634,Kiel,Cologne,288,3.2,2,2026-01-18T00:00:00,5871
SH0635,Halle,Braunschweig,961,2.6,4,2026-01-20T00:00:00,7019
SH0636,Mainz,Chemnitz,126,1.1,5,2026-01-25T00:00:00,2392
SH0637,Gelsenkirchen,Augsburg,340,3.5,4,2026-01-16T00:00:00,8399
SH0638,Essen,Dresden,952,2.5,2,2026-01-27T00:00:00,2655
SH0639,Duisburg,Karlsruhe,141,2.3,2,2026-01-23T00:00:00,1362
SH0640,Freiburg,Magdeburg,906,3.1,3,2026-01-22T00:00:00,2890
SH0641,Stuttgart,Hanover,569,4.3,2,2026-01-19T00:00:00,7854
SH0642,Munster,Aachen,713,3.0,4,2026-01-20T00:00:00,7701
SH0643,Mannheim,Kassel,257,3.2,4,2026-01-24T00:00:00,2738
SH0644,Chemnitz,Halle,850,3.0,5,2026-01-17T00:00:00,9418
SH0645,Oberhausen,Magdeburg,812,3.6,5,2026-01-28T00:00:00,6957
SH0646,Chemnitz,Berlin,425,1.6,3,2026-01-29T00:00:00,6887
SH0647,Kiel,Nuremberg,883,2.7,3,2026-01-17T00:00:00,9886
SH0648,Erfurt,Hanover,118,1.4,3,2026-01-25T00:00:00,4593
SH0649,Munster,Cologne,244,5.0,5,2026-01-20T00:00:00,2314
SH0650,Munster,Dortmund,501,4.6,1,2026-01-16T00:00:00,3912
SH0651,Lubeck,Monchengladbach,802,3.6,1,2026-01-28T00:00:00,2387
SH0652,Nuremberg,Kiel,213,3.1,4,2026-01-16T00:00:00,9272
SH0653,Cologne,Frankfurt,320,1.7,1,2026-01-24T00:00:00,5886
SH0654,Chemnitz,Dusseldorf,121,3.2,5,2026-01-17T00:00:00,7829
SH0655,Nuremberg,Essen,554,4.8,5,2026-01-19T00:00:00,1302
SH0656,Bochum,Halle,467,1.5,5,2026-01-16T00:00:00,9071
SH0657,Mainz,Halle,191,2.1,1,2026-01-16T00:00:00,4688
SH0658,Duisburg,Bielefeld,864,2.1,4,2026-01-22T00:00:00,8772
SH0659,Hanover,Gelsenkirchen,962,1.7,1,2026-01-22T00:00:00,6115
SH0660,Cologne,Braunschweig,665,4.3,5,2026-01-26T00:00:00,9327
SH0661,Rostock,Frankfurt,248,3.6,2,2026-01-22T00:00:00,6351
SH0662,Magdeburg,Augsburg,818,2.7,1,2026-01-27T00:00:00,8211
SH0663,Kiel,Wuppertal,324,2.0,2,2026-01-21T00:00:00,4775
SH0664,Bremen,Hanover,875,4.0,2,2026-01-17T00:00:00,6816
SH0665,Lubeck,Bonn,874,0.9,2,2026-01-16T00:00:00,9715
SH0666,Dresden,Bielefeld,182,4.9,1,2026-01-22T00:00:00,8380
SH0667,Leipzig,Karlsruhe,688,3.5,4,2026-01-18T00:00:00,2436
SH0668,Braunschweig,Hamburg,950,2.5,5,2026-01-17T00:00:00,1653
SH0669,Bonn,Monchengladbach,969,5.0,2,2026-01-20T00:00:00,6313
SH0670,Lubeck,Augsburg,407,2.9,5,2026-01-22T00:00:00,7848
SH0671,Gelsenkirchen,Lubeck,560,0.6,4,2026-01-17T00:00:00,4571
SH0672,Kiel,Munster,701,1.4,3,2026-01-18T00:00:00,1259
SH0673,Berlin,Freiburg,409,2.6,4,2026-01-20T00:00:00,3884
SH0674,Berlin,Magdeburg,453,1.1,2,2026-01-23T00:00:00,8681
SH0675,Duisburg,Aachen,845,1.0,1,2026-01-27T00:00:00,6672
SH0676,Karlsruhe,Essen,897,4.5,4,2026-01-20T00:00:00,1912
SH0677,Kiel,Monchengladbach,488,1.7,5,2026-01-19T00:00:00,8032
SH0678,Hanover,Kassel,937,2.8,4,2026-01-26T00:00:00,7759
SH0679,Freiburg,Essen,854,2.7,3,2026-01-25T00:00:00,2796
SH0680,Karlsruhe,Rostock,208,1.6,1,2026-01-26T00:00:00,8256
SH0681,Chemnitz,Erfurt,147,0.9,4,2026-01-20T00:00:00,3150
SH0682,Nuremberg,Oberhausen,544,3.5,2,2026-01-16T00:00:00,3525
SH0683,Dortmund,Nuremberg,666,3.7,3,2026-01-17T00:00:00,8564
SH0684,Dusseldorf,Monchengladbach,817,2.4,4,2026-01-17T00:00:00,4140
SH0685,Freiburg,Rostock,966,3.9,3,2026-01-21T00:00:00,2041
SH0686,Munich,Halle,243,4.4,5,2026-01-18T00:00:00,4505
SH0687,Duisburg,Cologne,665,0.6,1,2026-01-16T00:00:00,3422
SH0688,Bochum,Munster,824,2.9,5,2026-01-28T00:00:00,8462
SH0689,Hamburg,Aachen,415,3.5,2,2026-01-22T00:00:00,6614
SH0690,Monchengladbach,Munich,968,1.9,5,2026-01-23T00:00:00,8794
SH0691,Essen,Mainz,583,4.1,5,2026-01-20T00:00:00,3457
SH0692,Karlsruhe,Freiburg,349,2.5,5,2026-01-23T00:00:00,9293
SH0693,Freiburg,Duisburg,897,2.4,3,2026-01-21T00:00:00,9929
SH0694,Augsburg,Gelsenkirchen,896,3.3,5,2026-01-23T00:00:00,9442
SH0695,Kassel,Lubeck,823,1.0,3,2026-01-29T00:00:00,8225
SH0696,Dusseldorf,Leipzig,497,2.4,1,2026-01-17T00:00:00,3407
SH0697,Aachen,Monchengladbach,225,1.1,2,2026-01-27T00:00:00,7397
SH0698,Bremen,Dresden,675,4.7,4,2026-01-20T00:00:00,8311
SH0699,Halle,Bielefeld,719,4.4,1,2026-01-29T00:00:00,2278
SH0700,Munich,Duisburg,430,0.6,4,2026-01-29T00:00:00,7595
SH0701,Kassel,Stuttgart,791,4.5,1,2026-01-22T00:00:00,7036
SH0702,Rostock,Dresden,823,4.5,5,2026-01-27T00:00:00,7154
SH0703,Oberhausen,Braunschweig,734,2.6,1,2026-01-26T00:00:00,6038
SH0704,Magdeburg,Bonn,969,2.3,3,2026-01-20T00:00:00,7929
SH0705,Hamburg,Wuppertal,790,4.2,1,2026-01-22T00:00:00,8304
SH0706,Lubeck,Cologne,718,3.2,2,2026-01-17T00:00:00,6879
SH0707,Wuppertal,Lubeck,465,1.9,2,2026-01-22T00:00:00,1149
SH0708,Stuttgart,Oberhausen,669,1.3,2,2026-01-21T00:00:00,6454
SH0709,Monchengladbach,Kiel,515,4.7,2,2026-01-24T00:00:00,8445
SH0710,Nuremberg,Dortmund,898,4.6,5,2026-01-19T00:00:00,5577
SH0711,Magdeburg,Berlin,274,2.2,1,2026-01-18T00:00:00,4791
SH0712,Dortmund,Bochum,666,1.9,4,2026-01-16T00:00:00,4975
SH0713,Munster,Aachen,975,1.4,5,2026-01-21T00:00:00,4675
SH0714,Dusseldorf,Leipzig,790,3.3,2,2026-01-20T00:00:00,2414
SH0715,Mannheim,Bielefeld,901,4.7,1,2026-01-23T00:00:00,9779
SH0716,Mainz,Aachen,232,2.0,5,2026-01-23T00:00:00,3447
SH0717,Mainz,Gelsenkirchen,820,4.3,3,2026-01-16T00:00:00,7030
SH0718,Berlin,Erfurt,289,4.2,3,2026-01-20T00:00:00,9959
SH0719,Dusseldorf,Nuremberg,645,2.0,3,2026-01-21T00:00:00,3911
SH0720,Duisburg,Wuppertal,217,0.6,5,2026-01-22T00:00:00,9678
SH0721,Essen,Dusseldorf,203,0.7,5,2026-01-24T00:00:00,7235
SH0722,Karlsruhe,Munster,296,4.7,5,2026-01-28T00:00:00,1322
SH0723,Dresden,Bonn,714,2.2,2,2026-01-20T00:00:00,3501
SH0724,Chemnitz,Munich,285,0.7,5,2026-01-19T00:00:00,9253
SH0725,Chemnitz,Mainz,707,4.1,2,2026-01-16T00:00:00,3486
SH0726,Cologne,Gelsenkirchen,888,2.6,3,2026-01-20T00:00:00,9433
SH0727,Bonn,Hamburg,671,4.1,2,2026-01-28T00:00:00,7280
SH0728,Duisburg,Munster,480,1.2,3,2026-01-20T00:00:00,5815
SH0729,Monchengladbach,Cologne,167,4.0,4,2026-01-17T00:00:00,4702
SH0730,Dortmund,Erfurt,611,4.9,2,2026-01-18T00:00:00,9592
SH0731,Lubeck,Wiesbaden,965,1.0,4,2026-01-22T00:00:00,4157
SH0732,Magdeburg,Dresden,404,2.2,5,2026-01-17T00:00:00,6484
SH0733,Duisburg,Augsburg,675,2.5,4,2026-01-26T00:00:00,1691
SH0734,Bremen,Bonn,349,2.9,2,2026-01-18T00:00:00,9566
SH0735,Dresden,Frankfurt,769,1.1,4,2026-01-29T00:00:00,5753
SH0736,Augsburg,Rostock,362,5.0,1,2026-01-18T00:00:00,8314
SH0737,Mainz,Bielefeld,311,3.3,4,2026-01-23T00:00:00,7467
SH0738,Monchengladbach,Berlin,483,0.8,4,2026-01-24T00:00:00,6866
SH0739,Braunschweig,Bremen,574,3.2,3,2026-01-21T00:00:00,9104
SH0740,Nuremberg,Rostock,979,3.8,1,2026-01-22T00:00:00,4089
SH0741,Krefeld,Munster,389,1.6,5,2026-01-28T00:00:00,4970
SH0742,Munich,Chemnitz,610,4.8,5,2026-01-26T00:00:00,7855
SH0743,Karlsruhe,Stuttgart,879,0.6,1,2026-01-17T00:00:00,1504
SH0744,Frankfurt,Essen,850,2.7,3,2026-01-20T00:00:00,8527
SH0745,Bonn,Leipzig,907,0.7,3,2026-01-16T00:00:00,3879
SH0746,Oberhausen,Lubeck,121,4.2,5,2026-01-23T00:00:00,5972
SH0747,Duisburg,Karlsruhe,236,2.1,5,2026-01-25T00:00:00,7098
SH0748,Rostock,Lubeck,233,4.8,3,2026-01-28T00:00:00,1829
SH0749,Lubeck,Magdeburg,663,4.5,2,2026-01-16T00:00:00,3616
SH0750,Berlin,Dusseldorf,596,2.1,2,2026-01-24T00:00:00,7008
SH0751,Kassel,Rostock,900,4.3,2,2026-01-26T00:00:00,7301
SH0752,Augsburg,Duisburg,996,2.7,5,2026-01-20T00:00:00,7342
SH0753,Aachen,Karlsruhe,817,1.4,3,2026-01-17T00:00:00,8697
SH0754,Magdeburg,Hanover,278,0.5,1,2026-01-17T00:00:00,2626
SH0755,Hamburg,Freiburg,445,3.2,2,2026-01-16T00:00:00,8855
SH0756,Dusseldorf,Oberhausen,983,0.7,4,2026-01-18T00:00:00,6168
SH0757,Kassel,Hamburg,301,3.1,5,2026-01-20T00:00:00,5952
SH0758,Braunschweig,Rostock,838,1.7,4,2026-01-21T00:00:00,7821
SH0759,Lubeck,Gelsenkirchen,638,4.0,4,2026-01-25T00:00:00,9066
SH0760,Halle,Leipzig,155,3.8,3,2026-01-21T00:00:00,8954
SH0761,Bochum,Berlin,564,0.9,1,2026-01-22T00:00:00,8871
SH0762,Magdeburg,Hanover,837,1.7,4,2026-01-19T00:00:00,2841
SH0763,Dusseldorf,Braunschweig,570,3.4,5,2026-01-25T00:00:00,5372
SH0764,Dresden,Braunschweig,489,3.7,1,2026-01-18T00:00:00,3485
SH0765,Magdeburg,Mannheim,709,5.0,4,2026-01-24T00:00:00,7674
SH0766,Wuppertal,Bielefeld,869,1.3,1,2026-01-28T00:00:00,8439
SH0767,Freiburg,Rostock,441,3.0,1,2026-01-29T00:00:00,3521
SH0768,Aachen,Chemnitz,759,3.6,3,2026-01-27T00:00:00,8286
SH0769,Lubeck,Erfurt,462,3.6,2,2026-01-29T00:00:00,8713
SH0770,Mainz,Essen,847,2.3,5,2026-01-23T00:00:00,7438
SH0771,Chemnitz,Gelsenkirchen,614,3.3,3,2026-01-29T00:00:00,6571
SH0772,Kiel,Mannheim,541,0.8,4,2026-01-29T00:00:00,8893
SH0773,Bremen,Magdeburg,735,1.5,2,2026-01-19T00:00:00,3179
SH0774,Bochum,Hamburg,574,2.7,4,2026-01-18T00:00:00,3757
SH0775,Munster,Oberhausen,224,2.2,3,2026-01-21T00:00:00,8616
SH0776,Gelsenkirchen,Hamburg,283,4.0,5,2026-01-17T00:00:00,5887
SH0777,Frankfurt,Chemnitz,259,2.6,2,2026-01-21T00:00:00,4062
SH0778,Braunschweig,Bonn,585,3.3,4,2026-01-28T00:00:00,9855
SH0779,Bielefeld,Frankfurt,933,1.3,1,2026-01-25T00:00:00,6926
SH0780,Berlin,Gelsenkirchen,164,2.7,2,2026-01-25T00:00:00,4163
SH0781,Augsburg,Bonn,518,1.7,1,2026-01-24T00:00:00,7634
SH0782,Monchengladbach,Bonn,456,1.8,1,2026-01-19T00:00:00,3007
SH0783,Kiel,Rostock,615,3.4,1,2026-01-18T00:00:00,5672
SH0784,Bochum,Chemnitz,242,3.3,4,2026-01-18T00:00:00,7801
SH0785,Dortmund,Bielefeld,895,2.2,2,2026-01-29T00:00:00,5254
SH0786,Monchengladbach,Munich,217,4.4,1,2026-01-19T00:00:00,3153
SH0787,Duisburg,Monchengladbach,310,2.8,1,2026-01-16T00:00:00,7965
SH0788,Nuremberg,Oberhausen,680,1.3,2,2026-01-16T00:00:00,9909
SH0789,Mannheim,Munster,331,0.5,2,2026-01-25T00:00:00,3472
SH0790,Rostock,Duisburg,485,1.5,1,2026-01-20T00:00:00,8626
SH0791,Lubeck,Hanover,562,1.7,4,2026-01-19T00:00:00,2668
SH0792,Mainz,Krefeld,152,2.8,3,2026-01-17T00:00:00,7607
SH0793,Essen,Freiburg,254,0.8,2,2026-01-16T00:00:00,3990
SH0794,Bonn,Chemnitz,451,4.8,3,2026-01-21T00:00:00,6998
SH0795,Bochum,Augsburg,218,3.5,4,2026-01-24T00:00:00,2777
SH0796,Magdeburg,Halle,157,3.8,2,2026-01-23T00:00:00,7411
SH0797,Braunschweig,Kassel,509,4.6,1,2026-01-28T00:00:00,4720
SH0798,Kassel,Augsburg,171,1.1,3,2026-01-18T00:00:00,7107
SH0799,Bremen,Frankfurt,129,3.1,3,2026-01-24T00:00:00,5919
SH0800,Wuppertal,Leipzig,391,3.9,4,2026-01-26T00:00:00,6552
SH0801,Munich,Kiel,731,2.7,2,2026-01-29T00:00:00,2611
SH0802,Lubeck,Chemnitz,779,1.7,2,2026-01-18T00:00:00,9350
SH0803,Mannheim,Duisburg,801,1.8,4,2026-01-18T00:00:00,4994
SH0804,Karlsruhe,Freiburg,203,0.6,4,2026-01-29T00:00:00,7245
SH0805,Nuremberg,Duisburg,580,4.4,4,2026-01-22T00:00:00,4058
SH0806,Frankfurt,Cologne,884,1.4,4,2026-01-25T00:00:00,2118
SH0807,Wiesbaden,Kassel,384,3.3,1,2026-01-16T00:00:00,7297
SH0808,Munster,Aachen,944,1.2,3,2026-01-17T00:00:00,7269
SH0809,Lubeck,Gelsenkirchen,760,0.9,2,2026-01-22T00:00:00,6213
SH0810,Oberhausen,Lubeck,808,3.8,3,2026-01-17T00:00:00,2231
SH0811,Erfurt,Dortmund,858,0.8,2,2026-01-29T00:00:00,9403
SH0812,Dresden,Munster,704,1.5,2,2026-01-18T00:00:00,8286
SH0813,Cologne,Munich,294,2.7,4,2026-01-17T00:00:00,5399
SH0814,Mannheim,Bielefeld,634,1.9,4,2026-01-21T00:00:00,6012
SH0815,Mainz,Hamburg,741,4.5,4,2026-01-26T00:00:00,7399
SH0816,Nuremberg,Dresden,357,2.0,3,2026-01-17T00:00:00,6054
SH0817,Dresden,Frankfurt,600,1.1,4,2026-01-19T00:00:00,9981
SH0818,Dortmund,Bremen,345,2.1,4,2026-01-20T00:00:00,6552
SH0819,Essen,Dusseldorf,975,5.0,3,2026-01-24T00:00:00,4127
SH0820,Kassel,Cologne,638,3.9,4,2026-01-16T00:00:00,7132
SH0821,Bonn,Nuremberg,237,3.8,4,2026-01-29T00:00:00,9110
SH0822,Bonn,Hanover,501,4.3,1,2026-01-22T00:00:00,2135
SH0823,Dusseldorf,Gelsenkirchen,520,0.8,5,2026-01-24T00:00:00,2862
SH0824,Karlsruhe,Wuppertal,724,0.6,5,2026-01-25T00:00:00,2517
SH0825,Mainz,Dresden,476,1.7,2,2026-01-23T00:00:00,7594
SH0826,Essen,Magdeburg,759,3.4,5,2026-01-27T00:00:00,3717
SH0827,Wuppertal,Bielefeld,687,3.1,3,2026-01-25T00:00:00,6452
SH0828,Krefeld,Frankfurt,352,1.0,3,2026-01-26T00:00:00,4636
SH0829,Berlin,Dortmund,198,3.6,3,2026-01-20T00:00:00,2900
SH0830,Bochum,Krefeld,698,4.5,4,2026-01-17T00:00:00,7667
SH0831,Wuppertal,Kiel,697,2.4,3,2026-01-24T00:00:00,3403
SH0832,Mannheim,Munster,440,1.9,3,2026-01-19T00:00:00,5549
SH0833,Hanover,Bonn,816,3.5,5,2026-01-23T00:00:00,9629
SH0834,Gelsenkirchen,Duisburg,457,4.7,3,2026-01-22T00:00:00,9726
SH0835,Mannheim,Kassel,410,3.9,3,2026-01-20T00:00:00,2746
SH0836,Oberhausen,Bielefeld,422,1.8,1,2026-01-20T00:00:00,2465
SH0837,Munich,Augsburg,810,4.3,2,2026-01-19T00:00:00,9544
SH0838,Stuttgart,Munich,643,2.4,4,2026-01-19T00:00:00,4046
SH0839,Hanover,Munster,955,3.3,4,2026-01-16T00:00:00,2556
SH0840,Kiel,Braunschweig,301,2.2,3,2026-01-21T00:00:00,7530
SH0841,Magdeburg,Leipzig,426,0.7,4,2026-01-21T00:00:00,4344
SH0842,Frankfurt,Wiesbaden,893,3.3,5,2026-01-17T00:00:00,5098
SH0843,Munich,Bielefeld,728,4.7,5,2026-01-28T00:00:00,4330
SH0844,Chemnitz,Nuremberg,923,1.1,4,2026-01-23T00:00:00,5420
SH0845,Freiburg,Bonn,341,4.9,3,2026-01-28T00:00:00,3741
SH0846,Nuremberg,Erfurt,768,4.4,1,2026-01-17T00:00:00,9637
SH0847,Duisburg,Bochum,748,1.8,5,2026-01-16T00:00:00,8521
SH0848,Wuppertal,Wiesbaden,666,3.4,3,2026-01-22T00:00:00,9592
SH0849,Kiel,Rostock,428,4.5,1,2026-01-19T00:00:00,6325
SH0850,Rostock,Mannheim,107,2.9,3,2026-01-24T00:00:00,2499
SH0851,Frankfurt,Krefeld,347,1.2,1,2026-01-26T00:00:00,3246
SH0852,Munich,Bremen,405,2.9,4,2026-01-29T00:00:00,4847
SH0853,Krefeld,Bonn,556,1.7,3,2026-01-22T00:00:00,9425
SH0854,Munich,Freiburg,1000,3.8,3,2026-01-26T00:00:00,9674
SH0855,Mannheim,Aachen,943,1.2,1,2026-01-28T00:00:00,2512
SH0856,Erfurt,Berlin,730,1.7,5,2026-01-23T00:00:00,9922
SH0857,Dortmund,Stuttgart,479,4.6,1,2026-01-17T00:00:00,4000
SH0858,Gelsenkirchen,Erfurt,862,4.4,2,2026-01-25T00:00:00,6304
SH0859,Bielefeld,Wiesbaden,792,3.1,2,2026-01-23T00:00:00,8879
SH0860,Dusseldorf,Lubeck,815,3.7,1,2026-01-27T00:00:00,7863
SH0861,Dortmund,Krefeld,238,3.7,3,2026-01-21T00:00:00,9473
SH0862,Gelsenkirchen,Mainz,867,2.1,4,2026-01-20T00:00:00,1450
SH0863,Cologne,Stuttgart,564,1.8,1,2026-01-19T00:00:00,2323
SH0864,Wuppertal,Duisburg,531,3.6,3,2026-01-21T00:00:00,1070
SH0865,Hanover,Aachen,943,1.0,4,2026-01-27T00:00:00,1342
SH0866,Halle,Nuremberg,766,2.5,5,2026-01-18T00:00:00,1004
SH0867,Bochum,Bonn,827,4.5,3,2026-01-20T00:00:00,6662
SH0868,Mannheim,Leipzig,834,1.5,4,2026-01-16T00:00:00,6182
SH0869,Kassel,Wiesbaden,765,2.7,5,2026-01-24T00:00:00,3587
SH0870,Mainz,Braunschweig,402,4.2,3,2026-01-25T00:00:00,8349
SH0871,Kiel,Berlin,538,2.3,3,2026-01-29T00:00:00,8542
SH0872,Erfurt,Chemnitz,249,4.6,3,2026-01-28T00:00:00,9341
SH0873,Aachen,Bochum,501,3.8,2,2026-01-26T00:00:00,6817
SH0874,Kassel,Munich,919,0.6,5,2026-01-29T00:00:00,1054
SH0875,Leipzig,Magdeburg,832,0.6,5,2026-01-27T00:00:00,4907
SH0876,Berlin,Dresden,262,4.7,4,2026-01-24T00:00:00,9635
SH0877,Magdeburg,Mainz,580,1.8,1,2026-01-18T00:00:00,4818
SH0878,Krefeld,Oberhausen,964,2.2,1,2026-01-29T00:00:00,6849
SH0879,Dortmund,Aachen,457,1.1,1,2026-01-20T00:00:00,6603
SH0880,Monchengladbach,Bielefeld,944,3.6,1,2026-01-22T00:00:00,3345
SH0881,Stuttgart,Magdeburg,707,1.5,5,2026-01-23T00:00:00,9175
SH0882,Bonn,Monchengladbach,845,4.4,3,2026-01-20T00:00:00,5677
SH0883,Halle,Aachen,509,2.2,3,2026-01-21T00:00:00,9640
SH0884,Essen,Mainz,349,1.9,5,2026-01-16T00:00:00,3003
SH0885,Mannheim,Augsburg,935,1.8,4,2026-01-22T00:00:00,6714
SH0886,Oberhausen,Stuttgart,444,3.6,3,2026-01-28T00:00:00,8156
SH0887,Oberhausen,Monchengladbach,792,0.7,2,2026-01-25T00:00:00,8149
SH0888,Munster,Bielefeld,886,1.8,2,2026-01-17T00:00:00,6212
SH0889,Dortmund,Essen,260,4.1,4,2026-01-28T00:00:00,1418
SH0890,Dresden,Monchengladbach,744,1.7,5,2026-01-18T00:00:00,7705
SH0891,Augsburg,Kiel,870,4.8,2,2026-01-17T00:00:00,9754
SH0892,Frankfurt,Oberhausen,701,4.2,4,2026-01-26T00:00:00,8402
SH0893,Erfurt,Duisburg,426,4.6,2,2026-01-22T00:00:00,7453
SH0894,Lubeck,Rostock,296,2.3,1,2026-01-25T00:00:00,8751
SH0895,Halle,Essen,736,1.3,4,2026-01-18T00:00:00,1546
SH0896,Rostock,Magdeburg,152,1.5,5,2026-01-20T00:00:00,3301
SH0897,Stuttgart,Karlsruhe,447,1.1,2,2026-01-21T00:00:00,2038
SH0898,Hamburg,Kiel,963,5.0,5,2026-01-26T00:00:00,7503
SH0899,Krefeld,Mannheim,904,1.4,2,2026-01-24T00:00:00,8376
SH0900,Halle,Bielefeld,440,3.1,4,2026-01-29T00:00:00,5283
SH0901,Bonn,Freiburg,346,4.4,3,2026-01-23T00:00:00,8141
SH0902,Wuppertal,Erfurt,445,0.8,3,2026-01-19T00:00:00,2531
SH0903,Rostock,Bochum,273,4.3,2,2026-01-19T00:00:00,1928
SH0904,Mannheim,Gelsenkirchen,609,2.9,5,2026-01-18T00:00:00,6281
SH0905,Hamburg,Bochum,719,3.7,3,2026-01-26T00:00:00,2477
SH0906,Munster,Kassel,231,0.8,4,2026-01-19T00:00:00,7549
SH0907,Bochum,Dresden,649,2.5,5,2026-01-26T00:00:00,9901
SH0908,Dresden,Mannheim,404,3.9,1,2026-01-20T00:00:00,7463
SH0909,Kiel,Dusseldorf,930,4.9,2,2026-01-20T00:00:00,6859
SH0910,Bielefeld,Aachen,252,1.7,4,2026-01-28T00:00:00,3573
SH0911,Bielefeld,Kassel,819,0.8,4,2026-01-29T00:00:00,9478
SH0912,Mannheim,Lubeck,298,2.6,3,2026-01-26T00:00:00,4011
SH0913,Duisburg,Frankfurt,131,1.4,5,2026-01-16T00:00:00,9767
SH0914,Lubeck,Karlsruhe,231,2.3,5,2026-01-22T00:00:00,5264
SH0915,Freiburg,Cologne,222,3.3,4,2026-01-18T00:00:00,8905
SH0916,Bochum,Augsburg,639,2.5,3,2026-01-24T00:00:00,7712
SH0917,Mannheim,Dortmund,513,3.1,5,2026-01-24T00:00:00,2986
SH0918,Nuremberg,Bochum,294,2.2,3,2026-01-28T00:00:00,8394
SH0919,Berlin,Magdeburg,718,4.6,2,2026-01-23T00:00:00,4276
SH0920,Magdeburg,Wiesbaden,329,3.1,5,2026-01-24T00:00:00,4330
SH0921,Dusseldorf,Dortmund,877,1.1,4,2026-01-27T00:00:00,5364
SH0922,Monchengladbach,Magdeburg,802,3.7,1,2026-01-23T00:00:00,9290
SH0923,Gelsenkirchen,Wiesbaden,912,4.7,3,2026-01-18T00:00:00,5878
SH0924,Hamburg,Magdeburg,429,0.7,1,2026-01-21T00:00:00,3185
SH0925,Mainz,Stuttgart,318,3.0,3,2026-01-28T00:00:00,8959
SH0926,Hamburg,Dusseldorf,747,2.0,4,2026-01-19T00:00:00,5227
SH0927,Kiel,Bochum,151,3.8,2,2026-01-17T00:00:00,5467
SH0928,Oberhausen,Chemnitz,642,1.2,2,2026-01-22T00:00:00,2235
SH0929,Kassel,Hamburg,474,1.4,4,2026-01-17T00:00:00,2727
SH0930,Kiel,Augsburg,739,2.7,2,2026-01-17T00:00:00,1308
SH0931,Bielefeld,Wuppertal,513,4.3,2,2026-01-24T00:00:00,2786
SH0932,Kassel,Wiesbaden,755,0.7,4,2026-01-25T00:00:00,3238
SH0933,Magdeburg,Mainz,909,2.0,1,2026-01-23T00:00:00,1546
SH0934,Dresden,Hamburg,930,3.0,4,2026-01-26T00:00:00,6449
SH0935,Mainz,Chemnitz,926,2.7,4,2026-01-18T00:00:00,1445
SH0936,Dortmund,Mainz,245,3.0,1,2026-01-17T00:00:00,2710
SH0937,Bielefeld,Dortmund,675,4.5,4,2026-01-24T00:00:00,1908
SH0938,Bochum,Erfurt,656,4.0,5,2026-01-24T00:00:00,7197
SH0939,Kassel,Chemnitz,186,2.9,3,2026-01-17T00:00:00,7786
SH0940,Stuttgart,Krefeld,315,4.8,2,2026-01-21T00:00:00,6788
SH0941,Karlsruhe,Dortmund,579,3.3,3,2026-01-27T00:00:00,7380
SH0942,Erfurt,Nuremberg,971,3.3,5,2026-01-25T00:00:00,9192
SH0943,Dusseldorf,Berlin,807,2.4,4,2026-01-28T00:00:00,5165
SH0944,Hanover,Stuttgart,239,3.0,1,2026-01-19T00:00:00,3928
SH0945,Hanover,Gelsenkirchen,585,4.0,5,2026-01-21T00:00:00,9225
SH0946,Dusseldorf,Wuppertal,316,1.1,2,2026-01-25T00:00:00,2228
SH0947,Hanover,Hamburg,446,2.0,2,2026-01-17T00:00:00,8994
SH0948,Bremen,Dortmund,866,1.7,3,2026-01-18T00:00:00,1863
SH0949,Nuremberg,Krefeld,145,3.2,3,2026-01-17T00:00:00,3663
SH0950,Kassel,Bochum,788,1.0,1,2026-01-21T00:00:00,2727
SH0951,Bochum,Hamburg,843,4.7,3,2026-01-29T00:00:00,6452
SH0952,Halle,Erfurt,258,2.8,1,2026-01-25T00:00:00,9425
SH0953,Duisburg,Cologne,161,1.3,3,2026-01-17T00:00:00,2610
SH0954,Karlsruhe,Leipzig,545,3.5,4,2026-01-28T00:00:00,8252
SH0955,Oberhausen,Monchengladbach,227,3.8,1,2026-01-26T00:00:00,9669
SH0956,Aachen,Augsburg,696,1.4,3,2026-01-24T00:00:00,2788
SH0957,Munster,Halle,120,3.4,4,2026-01-23T00:00:00,3201
SH0958,Kassel,Karlsruhe,531,4.3,4,2026-01-28T00:00:00,9441
SH0959,Munich,Kiel,913,4.5,3,2026-01-25T00:00:00,5644
SH0960,Chemnitz,Erfurt,194,1.2,3,2026-01-23T00:00:00,9308
SH0961,Monchengladbach,Munich,348,1.5,5,2026-01-23T00:00:00,6284
SH0962,Munich,Halle,446,3.9,2,2026-01-21T00:00:00,6101
SH0963,Stuttgart,Freiburg,148,4.3,3,2026-01-29T00:00:00,3984
SH0964,Freiburg,Mannheim,361,4.7,2,2026-01-23T00:00:00,9953
SH0965,Essen,Aachen,170,0.9,1,2026-01-19T00:00:00,8294
SH0966,Munster,Dortmund,770,0.9,2,2026-01-16T00:00:00,1056
SH0967,Leipzig,Kassel,364,1.7,4,2026-01-22T00:00:00,1606
SH0968,Bremen,Bochum,291,3.6,1,2026-01-24T00:00:00,4123
SH0969,Cologne,Berlin,627,4.7,5,2026-01-21T00:00:00,2350
SH0970,Monchengladbach,Nuremberg,883,4.2,2,2026-01-21T00:00:00,1802
SH0971,Mainz,Dortmund,766,1.1,4,2026-01-20T00:00:00,6235
SH0972,Wuppertal,Dusseldorf,530,0.6,4,2026-01-18T00:00:00,2914
SH0973,Rostock,Wiesbaden,198,0.6,1,2026-01-22T00:00:00,1790
SH0974,Kassel,Stuttgart,572,2.0,1,2026-01-18T00:00:00,6837
SH0975,Krefeld,Lubeck,852,1.7,5,2026-01-27T00:00:00,6150
SH0976,Krefeld,Gelsenkirchen,738,4.3,1,2026-01-27T00:00:00,4234
SH0977,Bielefeld,Dortmund,436,2.4,4,2026-01-26T00:00:00,6070
SH0978,Krefeld,Augsburg,589,1.4,1,2026-01-22T00:00:00,2503
SH0979,Monchengladbach,Mainz,733,3.9,4,2026-01-20T00:00:00,6942
SH0980,Gelsenkirchen,Essen,890,2.2,1,2026-01-29T00:00:00,6387
SH0981,Munich,Wuppertal,584,0.8,4,2026-01-25T00:00:00,7168
SH0982,Augsburg,Krefeld,919,2.6,4,2026-01-28T00:00:00,3077
SH0983,Berlin,Dresden,601,3.9,4,2026-01-23T00:00:00,6005
SH0984,Freiburg,Munster,546,4.8,3,2026-01-22T00:00:00,9199
SH0985,Nuremberg,Karlsruhe,549,0.5,3,2026-01-24T00:00:00,6770
SH0986,Erfurt,Wiesbaden,148,3.0,4,2026-01-19T00:00:00,1497
SH0987,Freiburg,Lubeck,948,4.3,2,2026-01-23T00:00:00,4381
SH0988,Kassel,Chemnitz,535,1.7,5,2026-01-16T00:00:00,5678
SH0989,Bochum,Stuttgart,803,2.4,3,2026-01-23T00:00:00,7049
SH0990,Munich,Duisburg,730,2.9,1,2026-01-20T00:00:00,1488
SH0991,Freiburg,Braunschweig,444,1.3,5,2026-01-26T00:00:00,8369
SH0992,Kassel,Erfurt,496,3.6,5,2026-01-28T00:00:00,1002
SH0993,Hamburg,Kiel,720,3.3,1,2026-01-28T00:00:00,3039
SH0994,Augsburg,Wiesbaden,154,1.4,5,2026-01-16T00:00:00,9483
SH0995,Lubeck,Leipzig,338,2.1,3,2026-01-29T00:00:00,8480
SH0996,Munster,Dresden,638,4.9,4,2026-01-28T00:00:00,7810
SH0997,Krefeld,Mainz,376,3.8,5,2026-01-20T00:00:00,3212
SH0998,Berlin,Bremen,816,3.6,4,2026-01-21T00:00:00,6610
SH0999,Bochum,Hamburg,420,2.4,3,2026-01-18T00:00:00,4228
SH1000,Oberhausen,Hanover,913,3.8,5,2026-01-23T00:00:00,3890
